,video_id,start_seconds,end_seconds,positive_labels,scores,labels
0,"-1LQP2wemiQ,","30.000,","40.000,",['female'],"[0.895259   0.04197507 0.0355756  0.02504655 0.02455253 0.02057137
 0.02014766 0.01127981 0.00968761 0.00839629]","['Speech', 'Telephone', 'Busy signal', 'Conversation', 'Narration, monologue', 'Dial tone', 'Alarm', 'Sidetone', 'Inside, small room', 'Telephone dialing, DTMF']"
0,"-FoTxwPOz3U,","0.000,","10.000,",['child'],"[0.32567054 0.15005346 0.14031239 0.02669022 0.02581572 0.02499814
 0.02401496 0.02259646 0.021501   0.02072998]","['Speech', 'Child speech, kid speaking', 'Inside, small room', 'Animal', 'Domestic animals, pets', 'Hammer', 'Wood', 'Laughter', 'Door', 'Inside, large room or hall']"
0,"-G04QpzSpbU,","20.000,","30.000,",['child'],"[0.5599675  0.07915702 0.07696012 0.06368811 0.021473   0.01830659
 0.01536293 0.01478032 0.01280943 0.01220414]","['Speech', 'Child speech, kid speaking', 'Inside, small room', 'Silence', 'Door', 'Hiccup', 'Bouncing', 'Domestic animals, pets', 'Slam', 'Tap']"
0,"-fAGzY9rnaA,","30.000,","40.000,",['female'],"[0.741797   0.20718797 0.06909525 0.06065367 0.05549313 0.05339449
 0.0502866  0.01004386 0.00788746 0.00462719]","['Speech', 'Music', 'Crow', 'Caw', 'Animal', 'Wild animals', 'Bird', 'Narration, monologue', 'Conversation', 'Music for children']"
0,"-jZENGDFArw,","80.000,","90.000,",['child'],"[0.44595808 0.12694953 0.10053965 0.08035877 0.05941476 0.03536204
 0.01899944 0.01683398 0.01538588 0.0151156 ]","['Speech', 'Inside, small room', 'Child speech, kid speaking', 'Hands', 'Clapping', 'Singing', 'Laughter', 'Whimper', 'Crying, sobbing', 'Hiccup']"
0,"-jaY3LS3Dv0,","30.000,","40.000,",['child'],"[0.29089886 0.20299412 0.11225611 0.08054353 0.06693389 0.04480043
 0.04302483 0.02720005 0.02581768 0.02466429]","['Speech', 'Child speech, kid speaking', 'Inside, small room', 'Child singing', 'Singing', 'Babbling', 'Hands', 'Crying, sobbing', 'Rodents, rats, mice', 'Animal']"
0,"-pBFsYisTCM,","10.000,","20.000,",['child'],"[0.51197904 0.31506988 0.07434649 0.04981838 0.04324148 0.04185353
 0.03907139 0.03602601 0.03172739 0.02216868]","['Speech', 'Music', 'Child speech, kid speaking', 'Silence', 'Musical instrument', 'Mallet percussion', 'Percussion', 'Vibraphone', 'Marimba, xylophone', 'Glockenspiel']"
0,"09kqMqn5rWs,","260.000,","270.000,",['child'],"[0.34642828 0.06043221 0.04197817 0.03830316 0.03807424 0.02772716
 0.01570075 0.01479685 0.01279348 0.01122656]","['Speech', 'Music', 'Screaming', 'Child speech, kid speaking', 'Crying, sobbing', 'Baby cry, infant cry', 'Laughter', 'Whimper', 'Outside, urban or manmade', 'Inside, small room']"
0,"0QabiRBcEKc,","50.000,","60.000,",['male'],"[0.2853721  0.22408578 0.19985017 0.11749887 0.10227017 0.10072349
 0.0988038  0.06537415 0.06233924 0.04575211]","['Water', 'Waterfall', 'Speech', 'Ocean', 'Waves, surf', 'Stream', 'Vehicle', 'Steam', 'Hiss', 'Rail transport']"
0,"0_O6nVfnCH8,","210.000,","220.000,",['child'],"[0.29014465 0.10621826 0.08730944 0.08631033 0.082648   0.05714982
 0.04881716 0.04774489 0.04533064 0.02944159]","['Speech', 'Bathtub (filling or washing)', 'Water', 'Child speech, kid speaking', 'Children playing', 'Animal', 'Domestic animals, pets', 'Liquid', 'Dog', 'Splash, splatter']"
0,"1OFDyTzUj24,","30.000,","40.000,",['male'],"[9.3131900e-01 5.8857094e-02 6.4804312e-03 5.3524347e-03 4.6914238e-03
 1.5280718e-03 9.6207194e-04 8.7854435e-04 7.6317636e-04 7.0952217e-04]","['Speech', 'Narration, monologue', 'Conversation', 'Inside, large room or hall', 'Music', 'Inside, public space', 'Outside, urban or manmade', 'Shout', 'Whoop', 'Inside, small room']"
0,"1hba9jmspEQ,","30.000,","40.000,",['female'],"[0.9361178  0.03866314 0.00726252 0.00631272 0.00585711 0.00357505
 0.00254238 0.00231432 0.00186462 0.00129364]","['Speech', 'Inside, small room', 'Conversation', 'Narration, monologue', 'Child speech, kid speaking', 'Dishes, pots, and pans', 'Inside, large room or hall', 'Cutlery, silverware', 'Mechanisms', 'Tools']"
0,"1uhuVsFGe6E,","50.000,","60.000,",['child'],"[0.6989079  0.11726779 0.08822371 0.03514919 0.01101985 0.01057261
 0.00914519 0.00662361 0.00430148 0.00395143]","['Speech', 'Music', 'Child speech, kid speaking', 'Children playing', 'Inside, small room', 'Narration, monologue', 'Singing', 'Inside, large room or hall', 'Outside, urban or manmade', 'Conversation']"
0,"2-XyCIq8Yp0,","50.000,","60.000,",['child'],"[0.39963326 0.23941968 0.2332132  0.1718382  0.0893108  0.00446263
 0.00383915 0.0038052  0.00352267 0.00330959]","['Speech', 'Child speech, kid speaking', 'Child singing', 'Singing', 'Inside, small room', 'Narration, monologue', 'Lullaby', 'Mantra', 'Music for children', 'Chant']"
0,"23HYypV2gcM,","590.000,","600.000,",['child'],"[0.7256032  0.06977714 0.05159987 0.01752292 0.01435373 0.01295728
 0.00990272 0.00885211 0.00854108 0.00678331]","['Speech', 'Child speech, kid speaking', 'Children playing', 'Water', 'Outside, urban or manmade', 'Inside, small room', 'Outside, rural or natural', 'Waterfall', 'Stream', 'Splash, splatter']"
0,"2N2msWTHybg,","340.000,","350.000,",['child'],"[0.6919536  0.11654938 0.11262544 0.10504617 0.04425193 0.03775512
 0.03753785 0.03194964 0.02140947 0.01026092]","['Speech', 'Domestic animals, pets', 'Dog', 'Animal', 'Whimper (dog)', 'Canidae, dogs, wolves', 'Yip', 'Bow-wow', 'Child speech, kid speaking', 'Outside, urban or manmade']"
0,"2ofK2gAQue4,","180.000,","190.000,",['female'],"[0.42573288 0.36604425 0.3487324  0.20075366 0.05946686 0.04712299
 0.04098897 0.01299943 0.01040361 0.00993239]","['Speech', 'Smoke detector, smoke alarm', 'Alarm', 'Fire alarm', 'Buzzer', 'Silence', 'Inside, small room', 'Snake', 'Telephone', 'Snort']"
0,"2xBIHi3oqy4,","30.000,","40.000,",['female'],"[0.8336839  0.04439483 0.01370615 0.00705948 0.00587787 0.00486485
 0.00407355 0.00369424 0.00231766 0.00207314]","['Speech', 'Narration, monologue', 'Inside, large room or hall', 'Chuckle, chortle', 'Inside, small room', 'Laughter', 'Conversation', 'Inside, public space', 'Outside, urban or manmade', 'Singing']"
0,"3ZGi57Zl1Qk,","30.000,","40.000,",['child'],"[0.33448896 0.32134867 0.29506287 0.23862015 0.06146012 0.06103142
 0.01746223 0.00399065 0.00397517 0.00360773]","['Child singing', 'Child speech, kid speaking', 'Singing', 'Speech', 'Inside, small room', 'Babbling', 'Hands', 'Bathtub (filling or washing)', 'Domestic animals, pets', 'Cat']"
0,"3pV7d32BfBQ,","50.000,","60.000,",['child'],"[0.7404853  0.06577767 0.06110407 0.03577007 0.02326657 0.02290144
 0.01891978 0.01643532 0.01624141 0.01481829]","['Speech', 'Child speech, kid speaking', 'Laughter', 'Giggle', 'Children playing', 'Snicker', 'Crying, sobbing', 'Belly laugh', 'Inside, small room', 'Baby laughter']"
0,"40AD_oH9eCU,","30.000,","40.000,",['child'],"[0.21412984 0.11256615 0.10502605 0.06797241 0.06491493 0.04483052
 0.04308354 0.04225028 0.0377911  0.03654694]","['Speech', 'Liquid', 'Vehicle', 'Pour', 'Water', 'Trickle, dribble', 'Baby cry, infant cry', 'Crying, sobbing', 'Frying (food)', 'Fire']"
0,"45h1cMSHzYU,","110.000,","120.000,",['male'],"[0.43456858 0.2058976  0.14047681 0.12888089 0.07974298 0.05711768
 0.0444453  0.0433779  0.03783448 0.03783166]","['Music', 'Shout', 'Whoop', 'Singing', 'Inside, large room or hall', 'Yell', 'Crowd', 'Inside, public space', 'Pop music', 'Bellow']"
0,"4GPDqOodSUU,","140.000,","150.000,",['child'],"[0.78109694 0.20815629 0.06149221 0.04365119 0.02349485 0.01472309
 0.01226578 0.01213981 0.00752824 0.00497685]","['Speech', 'Child speech, kid speaking', 'Narration, monologue', 'Inside, small room', 'Whimper', 'Crying, sobbing', 'Inside, large room or hall', 'Child singing', 'Conversation', 'Singing']"
0,"4PYTtp78Ig0,","60.000,","70.000,",['child'],"[0.26478934 0.1960766  0.15645683 0.15456441 0.08476667 0.07900139
 0.059768   0.03019278 0.0213672  0.02088539]","['Speech', 'Domestic animals, pets', 'Dog', 'Animal', 'Inside, small room', 'Child speech, kid speaking', 'Music', 'Yip', 'Cat', 'Bow-wow']"
0,"4TgXgwVndiw,","160.000,","170.000,",['child'],"[0.5473687  0.11621911 0.1053912  0.01730021 0.01402074 0.01270955
 0.00947728 0.00807883 0.00687831 0.00573546]","['Speech', 'Child speech, kid speaking', 'Music', 'Inside, small room', 'Inside, large room or hall', 'Outside, urban or manmade', 'Pig', 'Oink', 'Animal', 'Livestock, farm animals, working animals']"
0,"4VdV7ELQ9vE,","310.000,","320.000,",['child'],"[0.4499808  0.23289326 0.20806153 0.19402742 0.15106948 0.06489319
 0.04797154 0.04130257 0.03553036 0.03148237]","['Speech', 'Laughter', 'Baby laughter', 'Crying, sobbing', 'Baby cry, infant cry', 'Belly laugh', 'Giggle', 'Whimper', 'Babbling', 'Groan']"
0,"50cOkl6Mz5E,","530.000,","540.000,",['child'],"[0.76546913 0.02858092 0.02519377 0.02031146 0.01577377 0.01406023
 0.00980945 0.00953868 0.00918521 0.00808153]","['Speech', 'Animal', 'Domestic animals, pets', 'Dog', 'Children playing', 'Outside, urban or manmade', 'Child speech, kid speaking', 'Outside, rural or natural', 'Whimper (dog)', 'Inside, small room']"
0,"5Hr6HKMTS18,","400.000,","410.000,",['child'],"[0.54975116 0.09513452 0.08906724 0.07067131 0.05552105 0.04621084
 0.03600164 0.02746218 0.0240697  0.01799432]","['Speech', 'Inside, small room', 'Cap gun', 'Gunshot, gunfire', 'Explosion', 'Keys jangling', 'Coin (dropping)', 'Cutlery, silverware', 'Dishes, pots, and pans', 'Typing']"
0,"5PYzLVpPSXA,","70.000,","80.000,",['child'],"[0.28294855 0.19236568 0.05415767 0.04440123 0.03680181 0.03420777
 0.02995621 0.01572457 0.01481766 0.01464155]","['Music', 'Speech', 'Music for children', 'Child speech, kid speaking', 'Boing', 'Inside, small room', 'Sound effect', 'Vehicle', 'Car', 'Motor vehicle (road)']"
0,"6-RIiM19Be8,","160.000,","170.000,",['male'],"[0.6105491  0.06942469 0.06231711 0.03740713 0.03205133 0.02503961
 0.02503849 0.02148928 0.01971428 0.01858887]","['Speech', 'Hands', 'Slap, smack', 'Whack, thwack', 'Inside, small room', 'Glass', 'Clapping', 'Laughter', 'Dog', 'Chink, clink']"
0,"67LwMQTrdI4,","280.000,","290.000,",['child'],"[0.72073686 0.03834599 0.02062578 0.0193294  0.01481029 0.01342293
 0.01144278 0.01136673 0.00842223 0.00752816]","['Speech', 'Music', 'Music for children', 'Child speech, kid speaking', 'Groan', 'Inside, small room', 'Sound effect', 'Plop', 'Narration, monologue', 'Conversation']"
0,"6HvJzsvx8Io,","120.000,","130.000,",['child'],"[0.45585805 0.12227687 0.07705583 0.07289023 0.06906806 0.0535614
 0.05223021 0.04867572 0.04614759 0.04148079]","['Speech', 'Animal', 'Cat', 'Crow', 'Domestic animals, pets', 'Meow', 'Crying, sobbing', 'Wild animals', 'Caw', 'Baby cry, infant cry']"
0,"6PSsSboko5E,","440.000,","450.000,",['child'],"[0.6772537  0.08218697 0.04429363 0.03827704 0.03740267 0.0341425
 0.0340816  0.02169112 0.02154345 0.01860869]","['Speech', 'Boat, Water vehicle', 'Wind noise (microphone)', 'Clip-clop', 'Sailboat, sailing ship', 'Wind', 'Horse', 'Vehicle', 'Motorboat, speedboat', 'Rowboat, canoe, kayak']"
0,"6gBqjgsHL2k,","30.000,","40.000,",['child'],"[0.16603561 0.14751552 0.13621348 0.09730384 0.08198265 0.07128076
 0.05958294 0.03497761 0.03052618 0.03037756]","['Inside, small room', 'Bathtub (filling or washing)', 'Speech', 'Dishes, pots, and pans', 'Cutlery, silverware', 'Child speech, kid speaking', 'Water', 'Liquid', 'Breathing', 'Drip']"
0,"6xlV_D4yJDc,","30.000,","40.000,",['male'],"[0.7924754  0.02009648 0.01925812 0.01611965 0.01562519 0.01322726
 0.00996107 0.00720163 0.00716224 0.00677778]","['Speech', 'Inside, small room', 'Laughter', 'Inside, large room or hall', 'Chuckle, chortle', 'Child speech, kid speaking', 'Hands', 'Children playing', 'Slap, smack', 'Snicker']"
0,"72RI4phr0F8,","20.000,","30.000,",['male'],"[0.83557653 0.7657094  0.68181473 0.35918012 0.18787602 0.03058487
 0.02128063 0.01869377 0.0186842  0.01788859]","['Music', 'Rattle (instrument)', 'Maraca', 'Percussion', 'Musical instrument', 'Tambourine', 'Music of Latin America', 'Steelpan', 'Drum', 'Salsa music']"
0,"72b5UupN-Nw,","150.000,","160.000,",['female'],"[0.94311297 0.01224922 0.00699472 0.00662661 0.00459893 0.00413491
 0.00327017 0.00314429 0.00290039 0.00273739]","['Speech', 'Narration, monologue', 'Inside, small room', 'Screaming', 'Slap, smack', 'Laughter', 'Hands', 'Whimper', 'Inside, large room or hall', 'Snicker']"
0,"7761uBKNpd8,","30.000,","40.000,",['female'],"[9.9426889e-01 1.3356989e-02 1.2173902e-02 9.4760638e-03 1.4717234e-03
 8.9413085e-04 4.0008273e-04 1.5173327e-04 8.1416503e-05 8.0101556e-05]","['Speech', 'Inside, small room', 'Narration, monologue', 'Conversation', 'Inside, large room or hall', 'Child speech, kid speaking', 'Music', 'Laughter', 'Outside, urban or manmade', 'Musical instrument']"
0,"78t2zq75Amg,","10.000,","20.000,",['child'],"[0.46239308 0.16469789 0.08856364 0.08304051 0.06455282 0.05219083
 0.02477006 0.01976576 0.01467308 0.01251654]","['Speech', 'Bathtub (filling or washing)', 'Water', 'Child speech, kid speaking', 'Gargling', 'Inside, small room', 'Gurgling', 'Babbling', 'Liquid', 'Toilet flush']"
0,"7QnyKZe6VBA,","30.000,","40.000,",['female'],"[0.8201774  0.03815576 0.03080053 0.021284   0.01927938 0.0190175
 0.01876618 0.00666628 0.00614963 0.00613881]","['Speech', 'Laughter', 'Whoop', 'Narration, monologue', 'Shout', 'Chuckle, chortle', 'Snicker', 'Inside, large room or hall', 'Conversation', 'Outside, urban or manmade']"
0,"7nQxWCn_dBg,","160.000,","170.000,",['child'],"[0.3196632  0.07551292 0.07411979 0.06677338 0.06334194 0.05086616
 0.04699905 0.04673366 0.04566068 0.04524492]","['Speech', 'Bathtub (filling or washing)', 'Stir', 'Dishes, pots, and pans', 'Inside, small room', 'Liquid', 'Child speech, kid speaking', 'Animal', 'Frying (food)', 'Water']"
0,"7oHaG3Ez5-4,","30.000,","40.000,",['male'],"[0.59399784 0.19513933 0.06359763 0.05091605 0.04359671 0.03240433
 0.03071774 0.0238108  0.02374439 0.02342727]","['Music', 'Speech', 'Musical instrument', 'Percussion', 'Drum', 'Guitar', 'Plucked string instrument', 'Music of Latin America', 'Drum kit', 'Snare drum']"
0,"7qE47XOqcG0,","100.000,","110.000,",['female'],"[0.44268137 0.15930833 0.05918929 0.05619762 0.05348494 0.03957774
 0.03448581 0.02272117 0.01939895 0.01702385]","['Silence', 'Speech', 'Breathing', 'Inside, small room', 'Gasp', 'Sigh', 'Snort', 'Telephone', 'Cough', 'Glass']"
0,"7s6xFTV74tE,","70.000,","80.000,",['child'],"[0.15413006 0.14254539 0.1241905  0.07202252 0.06937418 0.06570669
 0.06081572 0.0579415  0.04801706 0.04741123]","['Silence', 'Inside, small room', 'Speech', 'Breathing', 'Babbling', 'Domestic animals, pets', 'Animal', 'Dog', 'Writing', 'Child speech, kid speaking']"
0,"8F8HvVMwXyw,","90.000,","100.000,",['child'],"[0.3962248  0.12808253 0.10303043 0.07828926 0.07757873 0.07482383
 0.04972059 0.04398119 0.03139202 0.02336094]","['Speech', 'Crying, sobbing', 'Baby cry, infant cry', 'Babbling', 'Child speech, kid speaking', 'Laughter', 'Inside, small room', 'Baby laughter', 'Cough', 'Chicken, rooster']"
0,"8rKtax0rSuw,","30.000,","40.000,",['child'],"[0.5473534  0.16860464 0.0450339  0.03137757 0.02971502 0.0204148
 0.01656867 0.01591768 0.0156645  0.01346039]","['Music', 'Singing', 'Rock and roll', 'Inside, large room or hall', 'Rock music', 'Pop music', 'Christian music', 'Gospel music', 'Roll', 'Choir']"
0,"8wT5dihdt4E,","260.000,","270.000,",['child'],"[0.6762758  0.21468648 0.09733246 0.02559198 0.0166475  0.01539529
 0.0152065  0.01066288 0.00591737 0.00569557]","['Speech', 'Plop', 'Silence', 'Music for children', 'Inside, small room', 'Sound effect', 'Child speech, kid speaking', 'Boing', 'Oink', 'Pig']"
0,"9FOxcwocgJA,","540.000,","550.000,",['child'],"[0.86553556 0.08089694 0.04139457 0.02418284 0.01239118 0.0123599
 0.00959278 0.00886964 0.00781357 0.00428878]","['Speech', 'Child speech, kid speaking', 'Inside, small room', 'Babbling', 'Whimper', 'Conversation', 'Crying, sobbing', 'Laughter', 'Narration, monologue', 'Inside, large room or hall']"
0,"9UfnuoaQaXk,","50.000,","60.000,",['child'],"[0.35814518 0.20437652 0.04808367 0.04406523 0.03706817 0.03606995
 0.03333564 0.02944154 0.02510264 0.02497734]","['Speech', 'Music', 'Explosion', 'Fireworks', 'Firecracker', 'Crack', 'Crackle', 'Breaking', 'Whip', 'Fire']"
0,"9_eXYyA8N18,","530.000,","540.000,",['child'],"[0.1896588  0.05889883 0.03675369 0.03441555 0.03240995 0.02402192
 0.02322068 0.020894   0.01705651 0.01689383]","['Speech', 'Inside, large room or hall', 'Music', 'Singing', 'Child speech, kid speaking', 'Crowd', 'Shout', 'Screaming', 'Inside, small room', 'Children shouting']"
0,"9cYVBOJmXIw,","30.000,","40.000,",['male'],"[0.33908328 0.03493635 0.03085233 0.02962034 0.02855953 0.02779222
 0.02134008 0.02120583 0.01916396 0.01783198]","['Speech', 'Inside, large room or hall', 'Rail transport', 'Vehicle', 'Train', 'Hiss', 'Inside, small room', 'Steam', 'Dishes, pots, and pans', 'Liquid']"
0,"9kFZhnbKUXo,","30.000,","40.000,",['child'],"[0.44557798 0.2168496  0.21432126 0.18425223 0.17386258 0.11074883
 0.0785483  0.07584021 0.07264088 0.0381161 ]","['Laughter', 'Giggle', 'Baby laughter', 'Belly laugh', 'Speech', 'Crying, sobbing', 'Snicker', 'Baby cry, infant cry', 'Chuckle, chortle', 'Inside, small room']"
0,"9wkgTdE7nz8,","30.000,","40.000,",['male'],"[9.2784816e-01 2.6459483e-02 6.3956967e-03 3.1302280e-03 2.9878845e-03
 2.8543333e-03 2.8529854e-03 2.0797271e-03 7.1226317e-04 4.9977080e-04]","['Speech', 'Narration, monologue', 'Inside, large room or hall', 'Laughter', 'Toilet flush', 'Chuckle, chortle', 'Conversation', 'Inside, small room', 'Shuffle', 'Television']"
0,"9xvmNaF73fo,","30.000,","40.000,",['child'],"[0.28043082 0.10873218 0.1020029  0.08975171 0.07517165 0.07471544
 0.05730734 0.05502772 0.04800123 0.03947967]","['Speech', 'Animal', 'Typing', 'Wild animals', 'Inside, small room', 'Computer keyboard', 'Bird', 'Rodents, rats, mice', 'Patter', 'Gargling']"
0,"A458iJLZGvg,","80.000,","90.000,",['child'],"[0.58877    0.23840138 0.08396684 0.03341235 0.03140453 0.01909672
 0.01811374 0.01709825 0.01328267 0.00990896]","['Speech', 'Child speech, kid speaking', 'Inside, small room', 'Lullaby', 'Laughter', 'Singing', 'Chuckle, chortle', 'Hands', 'Crying, sobbing', 'Narration, monologue']"
0,"AABgGgkXH94,","30.000,","40.000,",['female'],"[0.91522944 0.03648771 0.03145575 0.02357592 0.00863844 0.00649442
 0.00509145 0.00230897 0.00179251 0.00144166]","['Speech', 'Beatboxing', 'Conversation', 'Narration, monologue', 'Inside, small room', 'Inside, large room or hall', 'Vocal music', 'Laughter', 'Chuckle, chortle', 'Music']"
0,"AHoWincIkzc,","30.000,","40.000,",['male'],"[0.59947    0.29004067 0.01378803 0.01317355 0.00942999 0.00813671
 0.00596356 0.00588976 0.00367554 0.00308322]","['Applause', 'Speech', 'Crowd', 'Inside, large room or hall', 'Cheering', 'Inside, public space', 'Clapping', 'Narration, monologue', 'Hands', 'Outside, urban or manmade']"
0,"An32hX6i1gs,","30.000,","40.000,",['male'],"[0.45042118 0.1371351  0.12536098 0.10301057 0.10190257 0.04870442
 0.04013036 0.03178009 0.01874672 0.01719014]","['Speech', 'Cheering', 'Crowd', 'Shout', 'Whoop', 'Inside, large room or hall', 'Children shouting', 'Inside, public space', 'Laughter', 'Narration, monologue']"
0,"Arp482w8r_s,","30.000,","40.000,",['male'],"[0.3894022  0.19286516 0.07322314 0.03851315 0.02210204 0.02065199
 0.01652689 0.01651406 0.01332808 0.01100598]","['Speech', 'Applause', 'Narration, monologue', 'Cheering', 'Crowd', 'Inside, large room or hall', 'Music', 'Vehicle', 'Whoop', 'Shout']"
0,"At3hmrH23NI,","400.000,","410.000,",['child'],"[0.3957035  0.20242496 0.17673644 0.10896947 0.08478853 0.08344812
 0.07015941 0.04179482 0.03955071 0.02742062]","['Speech', 'Crying, sobbing', 'Baby cry, infant cry', 'Child speech, kid speaking', 'Laughter', 'Inside, small room', 'Babbling', 'Whimper', 'Giggle', 'Snicker']"
0,"Ay7bs8DMMyA,","5.000,","15.000,",['child'],"[0.32893285 0.07727217 0.0562457  0.05404505 0.04650442 0.04387465
 0.04070051 0.03954121 0.03304544 0.03301815]","['Speech', 'Cough', 'Inside, small room', 'Silence', 'Laughter', 'Animal', 'Hiccup', 'Beatboxing', 'Throat clearing', 'Wail, moan']"
0,"Bh-o_G4wNZU,","10.000,","20.000,",['child'],"[0.4736806  0.08440346 0.08115216 0.05607486 0.0427851  0.03838005
 0.03684204 0.03194779 0.03118619 0.03070228]","['Speech', 'Inside, small room', 'Crying, sobbing', 'Whimper', 'Babbling', 'Silence', 'Breathing', 'Baby cry, infant cry', 'Child singing', 'Child speech, kid speaking']"
0,"Bho0lwcxn1g,","20.000,","30.000,",['child'],"[0.50863373 0.1385676  0.06504232 0.04597913 0.03453107 0.02979023
 0.02479125 0.02394061 0.02206555 0.0205673 ]","['Speech', 'Child speech, kid speaking', 'Child singing', 'Singing', 'Crying, sobbing', 'Inside, small room', 'Baby cry, infant cry', 'Animal', 'Babbling', 'Vehicle']"
0,"BuIMVqz85uk,","30.000,","40.000,",['male'],"[0.78456277 0.03279531 0.03263851 0.02195558 0.01965554 0.01389318
 0.01206625 0.0074198  0.00494168 0.0042549 ]","['Speech', 'Music', 'Chuckle, chortle', 'Laughter', 'Narration, monologue', 'Inside, large room or hall', 'Conversation', 'Snicker', 'Cough', 'Inside, small room']"
0,"BuhCuSnq6DI,","90.000,","100.000,",['child'],"[0.14483117 0.14021994 0.13174422 0.12767561 0.09297951 0.08385604
 0.0789385  0.07778583 0.07407386 0.06051372]","['Water', 'Liquid', 'Speech', 'Music', 'Pour', 'Splash, splatter', 'Oink', 'Pig', 'Trickle, dribble', 'Slosh']"
0,"BymkWsAcLR4,","0.000,","10.000,",['child'],"[0.45633522 0.40190488 0.365179   0.33972993 0.2693927  0.17186415
 0.14228237 0.09371172 0.08186145 0.07674637]","['Insect', 'Wild animals', 'Fly, housefly', 'Animal', 'Bee, wasp, etc.', 'Mosquito', 'Speech', 'Buzz', 'Sidetone', 'Dial tone']"
0,"C31iMozaMEA,","10.000,","20.000,",['child'],"[0.2710392  0.09949407 0.09405679 0.09026871 0.07131118 0.04807048
 0.02562998 0.02472751 0.0226903  0.0214331 ]","['Speech', 'Child speech, kid speaking', 'Inside, small room', 'Music', 'Hands', 'Clapping', 'Singing', 'Child singing', 'Animal', 'Inside, large room or hall']"
0,"CXRemJ1ZLC8,","250.000,","260.000,",['child'],"[0.8962012  0.02719691 0.01248157 0.01224304 0.00826978 0.00774256
 0.00630416 0.00483074 0.00470128 0.0043911 ]","['Speech', 'Inside, public space', 'Children playing', 'Inside, large room or hall', 'Outside, urban or manmade', 'Child speech, kid speaking', 'Bicycle', 'Conversation', 'Inside, small room', 'Animal']"
0,"CiuMO1EkzU4,","10.000,","20.000,",['child'],"[0.28067434 0.08693606 0.07360248 0.04712002 0.04475667 0.03631553
 0.03599694 0.03240718 0.03193588 0.02867853]","['Speech', 'Inside, small room', 'Hands', 'Singing', 'Rodents, rats, mice', 'Patter', 'Clapping', 'Child singing', 'Mouse', 'Fire']"
0,"CjO1ZZZI8CE,","30.000,","40.000,",['female'],"[0.4995953  0.12004389 0.01503266 0.01160955 0.00948237 0.00935802
 0.00834897 0.00647538 0.00606672 0.00600061]","['Speech', 'Music', 'Narration, monologue', 'Inside, large room or hall', 'Inside, public space', 'Crowd', 'Singing', 'Shout', 'Whoop', 'Pop music']"
0,"Cwt7hCUOCDY,","30.000,","40.000,",['female'],"[0.84194136 0.04070875 0.03491157 0.01799153 0.01787712 0.0105686
 0.00911693 0.00716503 0.00485368 0.00441968]","['Speech', 'Inside, small room', 'Cough', 'Child speech, kid speaking', 'Music', 'Throat clearing', 'Narration, monologue', 'Conversation', 'Animal', 'Rodents, rats, mice']"
0,"D1tl1eS7ubI,","0.000,","9.000,",['female'],"[0.86562425 0.02596694 0.01439103 0.00999471 0.00924954 0.0069307
 0.00668568 0.00503889 0.0036642  0.00269456]","['Speech', 'Music', 'Narration, monologue', 'Inside, small room', 'Inside, large room or hall', 'Television', 'Conversation', 'Synthesizer', 'Sampler', 'Electronic music']"
0,"D668Jl6zuAk,","190.000,","200.000,",['child'],"[0.7206059  0.10552049 0.0567334  0.05660214 0.03743272 0.01926401
 0.01895423 0.01291586 0.0096312  0.00827083]","['Speech', 'Child speech, kid speaking', 'Inside, small room', 'Crying, sobbing', 'Baby cry, infant cry', 'Laughter', 'Whimper', 'Babbling', 'Giggle', 'Inside, large room or hall']"
0,"DB38NRSHw9A,","30.000,","40.000,",['male'],"[0.87874955 0.06987203 0.03218917 0.03203087 0.02908156 0.02775308
 0.0269212  0.02087829 0.01260781 0.01233178]","['Music', 'Rhythm and blues', 'Singing', 'Music of Bollywood', 'Music of Asia', 'Reggae', 'Soul music', 'Pop music', 'Happy music', 'Funk']"
0,"DpiGR6_i4Js,","30.000,","40.000,",['female'],"[0.5973003  0.06418201 0.04355119 0.03680113 0.03101609 0.03045395
 0.02937838 0.02884957 0.02878961 0.02423196]","['Speech', 'Vehicle', 'Mechanisms', 'Inside, small room', 'Car', 'Motor vehicle (road)', 'Clock', 'Tick', 'Mechanical fan', 'Tick-tock']"
0,"E-QLJc3jiEg,","190.000,","200.000,",['child'],"[0.24953392 0.12890981 0.12735985 0.05933008 0.0202541  0.01909344
 0.01717357 0.01041847 0.00560214 0.00547816]","['Speech', 'Music', 'Child speech, kid speaking', 'Children playing', 'Inside, large room or hall', 'Child singing', 'Inside, small room', 'Singing', 'Inside, public space', 'Hands']"
0,"ENCPkF4K9zU,","30.000,","40.000,","['male', 'female']","[0.5674868  0.02764748 0.02107217 0.01678109 0.01636509 0.01610811
 0.01593705 0.01581761 0.01468618 0.01411962]","['Speech', 'Inside, small room', 'Burping, eructation', 'Inside, large room or hall', 'Dog', 'Cough', 'Domestic animals, pets', 'Music', 'Laughter', 'Vacuum cleaner']"
0,"EO2y901299I,","30.000,","40.000,",['male'],"[0.41303468 0.05576209 0.04459908 0.03863478 0.03196838 0.0287447
 0.02311316 0.02250073 0.01998137 0.01836724]","['Speech', 'Opera', 'Classical music', 'Music', 'Inside, large room or hall', 'Laughter', 'Singing', 'Chuckle, chortle', 'Crowd', 'Narration, monologue']"
0,"EQ91XVsmq-I,","30.000,","40.000,",['female'],"[9.5966792e-01 1.7650047e-02 1.4845361e-02 4.9956157e-03 4.1377251e-03
 3.8600408e-03 1.3685407e-03 2.5801538e-04 2.5066992e-04 2.3717691e-04]","['Speech', 'Inside, small room', 'Conversation', 'Narration, monologue', 'Music', 'Child speech, kid speaking', 'Inside, large room or hall', 'Musical instrument', 'Plucked string instrument', 'Guitar']"
0,"EgpsSwHlXqA,","0.000,","10.000,",['child'],"[0.33681035 0.16664448 0.16595785 0.11130244 0.05379789 0.05056534
 0.03638499 0.03008296 0.02384101 0.02163082]","['Speech', 'Splash, splatter', 'Liquid', 'Water', 'Child speech, kid speaking', 'Slosh', 'Gurgling', 'Children playing', 'Boat, Water vehicle', 'Gush']"
0,"EkP005U571U,","0.000,","10.000,",['child'],"[0.5178906  0.14341652 0.13545504 0.10799098 0.05148253 0.00806013
 0.00767549 0.00652413 0.00634227 0.00581791]","['Speech', 'Child speech, kid speaking', 'Babbling', 'Inside, small room', 'Silence', 'Hiccup', 'Animal', 'Laughter', 'Breathing', 'Domestic animals, pets']"
0,"Fihamhv6TJo,","30.000,","40.000,",['male'],"[0.8161275  0.03887669 0.0170097  0.01359519 0.01000623 0.00948629
 0.00716857 0.00646162 0.0064206  0.00587678]","['Speech', 'Crowd', 'Cheering', 'Narration, monologue', 'Inside, large room or hall', 'Outside, urban or manmade', 'Shout', 'Conversation', 'Whoop', 'Run']"
0,"FxZTKkmtKic,","0.000,","10.000,",['female'],"[0.51548755 0.06885123 0.06233382 0.06146076 0.04377515 0.0391411
 0.0303349  0.02453251 0.02283116 0.01502716]","['Speech', 'Fart', 'Laughter', 'Inside, small room', 'Silence', 'Hands', 'Slap, smack', 'Snicker', 'Cap gun', 'Chuckle, chortle']"
0,"GD1vgJwYR4Q,","30.000,","40.000,",['male'],"[0.8363762  0.02602235 0.02494466 0.02103535 0.01094686 0.0105705
 0.00768884 0.0076448  0.00590583 0.0049939 ]","['Speech', 'Chuckle, chortle', 'Laughter', 'Vehicle', 'Inside, large room or hall', 'Snicker', 'Narration, monologue', 'Conversation', 'Engine', 'Idling']"
0,"GnmgSQq6E54,","180.000,","190.000,",['male'],"[0.5789453  0.08073614 0.05556259 0.05108509 0.03066581 0.02661753
 0.02133091 0.01833712 0.01560124 0.01495331]","['Speech', 'Music', 'Slap, smack', 'Hands', 'Burst, pop', 'Explosion', 'Inside, small room', 'Gunshot, gunfire', 'Percussion', 'Firecracker']"
0,"H85puQUqrQY,","150.000,","160.000,",['male'],"[0.57564044 0.11175305 0.09053263 0.07861114 0.02401033 0.02025364
 0.01998735 0.01638124 0.0133815  0.01025408]","['Speech', 'Sine wave', 'Music', 'Beep, bleep', 'Chirp tone', 'Guitar', 'Plucked string instrument', 'Musical instrument', 'Inside, small room', 'Acoustic guitar']"
0,"HPfBYRU8tVM,","30.000,","40.000,",['female'],"[0.79570335 0.04842413 0.02484594 0.02408476 0.01913637 0.01289161
 0.01114775 0.00740237 0.00566307 0.00515516]","['Speech', 'Inside, small room', 'Silence', 'Breathing', 'Narration, monologue', 'Sneeze', 'Snort', 'Snoring', 'Hiccup', 'Wheeze']"
0,"HRaMaCCoRCY,","210.000,","220.000,",['child'],"[0.45669588 0.15807998 0.11259998 0.09359688 0.07239431 0.07025041
 0.056784   0.03302541 0.03041344 0.02482788]","['Speech', 'Animal', 'Goat', 'Livestock, farm animals, working animals', 'Child speech, kid speaking', 'Domestic animals, pets', 'Cat', 'Meow', 'Sheep', 'Bleat']"
0,"HcmzzM7q6-4,","60.000,","70.000,",['child'],"[0.22859375 0.06994319 0.05014719 0.04816882 0.04675035 0.03741087
 0.03528679 0.03170291 0.03022274 0.02366903]","['Speech', 'Music', 'Crumpling, crinkling', 'Music for children', 'Inside, small room', 'Sound effect', 'Child speech, kid speaking', 'Police car (siren)', 'Crunch', 'Knock']"
0,"I4_cuFy_SHc,","220.000,","230.000,",['child'],"[0.36520222 0.13012472 0.08950643 0.04121006 0.02486143 0.02146668
 0.0205753  0.01827619 0.01451385 0.01414944]","['Speech', 'Child speech, kid speaking', 'Inside, small room', 'Engine', 'Inside, large room or hall', 'Hands', 'Idling', 'Typewriter', 'Door', 'Engine starting']"
0,"J5_m9Ee6A6M,","30.000,","40.000,",['female'],"[0.8292556  0.04588911 0.01944968 0.01816372 0.01636961 0.01564817
 0.00559697 0.00478579 0.0043692  0.00327642]","['Speech', 'Inside, small room', 'Dishes, pots, and pans', 'Cutlery, silverware', 'Typing', 'Computer keyboard', 'Tools', 'Clicking', 'Keys jangling', 'Narration, monologue']"
0,"JLKsLx_SGOU,","30.000,","40.000,",['male'],"[9.6137249e-01 4.6715248e-02 4.5531732e-03 4.2198887e-03 2.3999989e-03
 1.5807229e-03 6.4934354e-04 4.9805146e-04 4.1854492e-04 3.2363032e-04]","['Speech', 'Narration, monologue', 'Inside, large room or hall', 'Conversation', 'Inside, small room', 'Music', 'Musical instrument', 'Inside, public space', 'Percussion', 'Laughter']"
0,"JbPNmYKs7P0,","48.000,","58.000,",['male'],"[0.6235177  0.6102042  0.58115584 0.56324714 0.21518648 0.06515668
 0.03235784 0.02743062 0.02084296 0.0203402 ]","['Roaring cats (lions, tigers)', 'Roar', 'Animal', 'Wild animals', 'Silence', 'Speech', 'Growling', 'Sound effect', 'Dog', 'Domestic animals, pets']"
0,"K5aJwQ2X2Sc,","260.000,","270.000,",['child'],"[0.62808686 0.12600061 0.05823029 0.03642919 0.01889086 0.01569308
 0.01541838 0.01039303 0.01030332 0.00901752]","['Speech', 'Child speech, kid speaking', 'Children playing', 'Inside, small room', 'Inside, large room or hall', 'Laughter', 'Music', 'Dog', 'Domestic animals, pets', 'Animal']"
0,"KHVZFbmt8xk,","30.000,","40.000,",['female'],"[0.4122596  0.19061768 0.09023128 0.08378407 0.07544331 0.05246738
 0.05197801 0.04503327 0.03771844 0.03544211]","['Speech', 'Cough', 'Laughter', 'Throat clearing', 'Sneeze', 'Chuckle, chortle', 'Hiccup', 'Breathing', 'Inside, small room', 'Narration, monologue']"
0,"KSOxq1eovtw,","30.000,","40.000,",['child'],"[0.41506127 0.21678863 0.21564576 0.21401285 0.21171942 0.19344953
 0.06150898 0.01783919 0.01156497 0.00733503]","['Hands', 'Child speech, kid speaking', 'Clapping', 'Speech', 'Child singing', 'Singing', 'Inside, small room', 'Narration, monologue', 'Inside, large room or hall', 'Laughter']"
0,"KWCQUZQ9D-Q,","30.000,","40.000,",['child'],"[0.52624506 0.11428425 0.08848129 0.08750335 0.08732678 0.07596377
 0.06343228 0.05132217 0.0392694  0.0372895 ]","['Speech', 'Child speech, kid speaking', 'Domestic animals, pets', 'Animal', 'Dog', 'Inside, small room', 'Laughter', 'Howl', 'Canidae, dogs, wolves', 'Yip']"
0,"KZoSQEDgZG4,","1.000,","11.000,",['child'],"[0.5647197  0.45984888 0.06643362 0.06490266 0.0459969  0.03538077
 0.02834636 0.01529274 0.0082576  0.00406837]","['Music', 'Speech', 'Oink', 'Pig', 'Livestock, farm animals, working animals', 'Music for children', 'Animal', 'Child speech, kid speaking', 'Jingle, tinkle', 'Throat clearing']"
0,"KbOySeP46l4,","570.000,","580.000,",['child'],"[0.89327675 0.10215122 0.03952201 0.0110477  0.00901612 0.00548194
 0.00444647 0.00363914 0.00353629 0.00195404]","['Speech', 'Child speech, kid speaking', 'Inside, small room', 'Giggle', 'Laughter', 'Babbling', 'Narration, monologue', 'Crying, sobbing', 'Conversation', 'Whimper']"
0,"KdPjKD7F1-Y,","390.000,","400.000,",['child'],"[0.7538576  0.0901581  0.04722451 0.03732456 0.02626409 0.02180267
 0.01805063 0.01732199 0.01590299 0.01577713]","['Speech', 'Child speech, kid speaking', 'Clip-clop', 'Horse', 'Outside, urban or manmade', 'Run', 'Outside, rural or natural', 'Skateboard', 'Animal', 'Livestock, farm animals, working animals']"
0,"KqF-WZRVs-w,","70.000,","80.000,",['child'],"[0.34915662 0.1738755  0.13088153 0.11816476 0.08888306 0.07305464
 0.03966961 0.03658661 0.02084513 0.01951163]","['Speech', 'Child singing', 'Child speech, kid speaking', 'Singing', 'Inside, small room', 'Sneeze', 'Crying, sobbing', 'Music', 'Baby cry, infant cry', 'Babbling']"
0,"Kqt4BiLQeeI,","220.000,","230.000,",['child'],"[0.22292554 0.14532745 0.10273927 0.06904547 0.04883946 0.04328485
 0.03747626 0.03657258 0.03258912 0.02242739]","['Speech', 'Inside, small room', 'Cough', 'Child speech, kid speaking', 'Throat clearing', 'Animal', 'Outside, rural or natural', 'Silence', 'Hiccup', 'Domestic animals, pets']"
0,"Ky8aKwI522Q,","50.000,","60.000,",['male'],"[0.4228533  0.233781   0.0319897  0.02696173 0.02118752 0.01058745
 0.00827228 0.00604448 0.00514875 0.0038086 ]","['Music', 'Speech', 'Music for children', 'Jingle, tinkle', 'Plop', 'Boing', 'Christmas music', 'Inside, small room', 'Jingle (music)', 'Sound effect']"
0,"KzvdKLdBw3s,","60.000,","70.000,",['female'],"[0.72237206 0.06479593 0.01742588 0.0169313  0.01591788 0.01475427
 0.01370117 0.01258125 0.01220393 0.01128211]","['Music', 'Singing', 'Soul music', 'Country', 'Christian music', 'Gospel music', 'Independent music', 'Blues', 'Guitar', 'Musical instrument']"
0,"LAioE289jR4,","80.000,","90.000,",['child'],"[0.7110087  0.11190334 0.05747706 0.02809223 0.02017724 0.01720602
 0.01438728 0.01394585 0.01172768 0.00784691]","['Speech', 'Child speech, kid speaking', 'Inside, small room', 'Laughter', 'Babbling', 'Giggle', 'Children playing', 'Belly laugh', 'Inside, large room or hall', 'Crying, sobbing']"
0,"LEZFcGFwJlc,","30.000,","40.000,",['male'],"[0.36898893 0.22508231 0.04626099 0.03836627 0.02738122 0.02296345
 0.0221322  0.02110539 0.02094363 0.01983986]","['Speech', 'Music', 'Beatboxing', 'Percussion', 'Musical instrument', 'Door', 'Drum kit', 'Drum', 'Hands', 'Drum machine']"
0,"LrcvUfmRN8k,","30.000,","40.000,",['female'],"[0.56637865 0.13034709 0.10574722 0.08224835 0.0818855  0.07065398
 0.05080322 0.03230136 0.0252838  0.02373321]","['Speech', 'Crying, sobbing', 'Inside, small room', 'Whimper', 'Baby cry, infant cry', 'Laughter', 'Giggle', 'Domestic animals, pets', 'Babbling', 'Child speech, kid speaking']"
0,"LsBCiA7jkHI,","30.000,","40.000,",['male'],"[0.5413877  0.04904819 0.03371386 0.03287199 0.03037595 0.03033527
 0.02415632 0.01946529 0.01432996 0.01418992]","['Speech', 'Inside, large room or hall', 'Basketball bounce', 'Arrow', 'Tap', 'Door', 'Laughter', 'Chuckle, chortle', 'Thump, thud', 'Inside, public space']"
0,"LysFhHBYTmE,","40.000,","50.000,",['female'],"[0.47569862 0.21028134 0.02470829 0.02160041 0.02147167 0.01861282
 0.01800253 0.01743389 0.01654397 0.01084671]","['Speech', 'Inside, small room', 'Sniff', 'Snort', 'Crackle', 'Breathing', 'Fire', 'Inside, large room or hall', 'Door', 'Shuffling cards']"
0,"M4blyCNxeBQ,","30.000,","40.000,",['female'],"[0.2242681  0.16793756 0.15709953 0.11876453 0.08498615 0.08345268
 0.06407155 0.05346322 0.05318829 0.04831222]","['Speech', 'Animal', 'Domestic animals, pets', 'Dog', 'Bark', 'Inside, small room', 'Breathing', 'Silence', 'Cat', 'Snoring']"
0,"M8BaWFyXNqA,","30.000,","40.000,",['male'],"[0.29971406 0.17540951 0.12796144 0.07984121 0.04428809 0.02564053
 0.02202551 0.02101933 0.02058794 0.01284247]","['Speech', 'Whispering', 'Silence', 'Inside, small room', 'Chewing, mastication', 'Sneeze', 'Domestic animals, pets', 'Animal', 'Dog', 'Crunch']"
0,"MKocTMZZnTs,","40.000,","50.000,",['male'],"[0.3727785  0.06410345 0.035709   0.03312273 0.03151072 0.02960845
 0.02586409 0.02494132 0.02211916 0.01999385]","['Speech', 'Animal', 'Outside, rural or natural', 'Domestic animals, pets', 'Liquid', 'Inside, small room', 'Dog', 'Pig', 'Pour', 'Livestock, farm animals, working animals']"
0,"MOr1AtMw1bw,","40.000,","50.000,",['child'],"[0.454645   0.09194408 0.08550159 0.0556412  0.04822954 0.03332964
 0.02553208 0.02204426 0.02177841 0.01945955]","['Speech', 'Child speech, kid speaking', 'Inside, small room', 'Animal', 'Crying, sobbing', 'Baby cry, infant cry', 'Domestic animals, pets', 'Laughter', 'Inside, large room or hall', 'Wood']"
0,"MW0ZTvRCS1o,","220.000,","230.000,",['male'],"[0.29410118 0.09623536 0.03910167 0.03896466 0.03594893 0.03483333
 0.03378832 0.03322402 0.03289018 0.02935444]","['Speech', 'Silence', 'Dog', 'Bouncing', 'Animal', 'Grunt', 'Door', 'Slam', 'Domestic animals, pets', 'Bow-wow']"
0,"MY0PsDE3xHs,","30.000,","40.000,",['male'],"[0.71232384 0.08318892 0.0358793  0.03198635 0.01419442 0.0126578
 0.01232791 0.01119717 0.00924835 0.00892896]","['Music', 'Rhythm and blues', 'Zing', 'Pop music', 'Singing', 'Speech', 'Skateboard', 'Hip hop music', 'Music of Asia', 'Exciting music']"
0,"MfavlJej70A,","30.000,","40.000,",['female'],"[9.4747841e-01 4.5030326e-02 1.3305545e-02 9.7441077e-03 6.6887462e-03
 1.4512768e-03 8.5460086e-04 5.5394904e-04 5.3291820e-04 3.7646521e-04]","['Speech', 'Silence', 'Narration, monologue', 'Inside, small room', 'Conversation', 'Inside, large room or hall', 'Telephone', 'Speech synthesizer', 'Alarm', 'Child speech, kid speaking']"
0,"MosOtH1imQA,","30.000,","40.000,",['female'],"[0.7756415  0.08214463 0.01702521 0.01658861 0.01483987 0.01473604
 0.0107431  0.00589491 0.00583126 0.00493863]","['Speech', 'Choir', 'A capella', 'Singing', 'Vocal music', 'Music', 'Chant', 'Mantra', 'Narration, monologue', 'Lullaby']"
0,"OH4QB--KKwg,","210.000,","220.000,",['child'],"[0.51821125 0.1473482  0.11491793 0.08185311 0.05877944 0.03829037
 0.037212   0.03026495 0.02982018 0.02333915]","['Speech', 'Animal', 'Goat', 'Livestock, farm animals, working animals', 'Child speech, kid speaking', 'Domestic animals, pets', 'Sheep', 'Children playing', 'Bleat', 'Inside, small room']"
0,"OIqd2UrvGcI,","30.000,","40.000,",['child'],"[0.7687825  0.5400519  0.3976293  0.3494496  0.10128745 0.08875994
 0.01429605 0.0108062  0.01039929 0.00984989]","['Ice cream truck, ice cream van', 'Truck', 'Motor vehicle (road)', 'Vehicle', 'Speech', 'Music', 'Outside, urban or manmade', 'Mallet percussion', 'Glockenspiel', 'Ambulance (siren)']"
0,"OKsOk8558gs,","380.000,","390.000,",['child'],"[0.59594065 0.09029259 0.04185976 0.03469408 0.02468034 0.02344521
 0.02307865 0.01424192 0.01364378 0.01081278]","['Speech', 'Inside, small room', 'Crying, sobbing', 'Child speech, kid speaking', 'Laughter', 'Babbling', 'Baby cry, infant cry', 'Whimper', 'Stir', 'Giggle']"
0,"OVhPqvG0ezA,","40.000,","50.000,",['male'],"[0.5457813  0.06487354 0.06015641 0.04117413 0.0390308  0.03698487
 0.02998123 0.0238456  0.01910963 0.00966566]","['Speech', 'Clapping', 'Music', 'Inside, small room', 'Hands', 'Narration, monologue', 'Inside, large room or hall', 'Applause', 'Ping', 'Conversation']"
0,"OYkZxbD0vr8,","40.000,","50.000,",['male'],"[0.70321035 0.071639   0.06257251 0.02803685 0.02569311 0.02167769
 0.02043819 0.01696717 0.01618858 0.01488198]","['Speech', 'Crowd', 'Cheering', 'Whoop', 'Shout', 'Fireworks', 'Explosion', 'Inside, large room or hall', 'Vehicle', 'Emergency vehicle']"
0,"ObsBPcuHT5Q,","10.000,","20.000,",['child'],"[0.3853327  0.06198251 0.05932501 0.05888246 0.05662714 0.04459013
 0.03348629 0.03276958 0.02342982 0.01887447]","['Speech', 'Snake', 'Animal', 'Inside, small room', 'Child speech, kid speaking', 'Outside, rural or natural', 'Silence', 'Wild animals', 'Rattle', 'Domestic animals, pets']"
0,"PD7RisfbHqI,","0.000,","10.000,",['child'],"[0.263969   0.07605827 0.06251137 0.04435247 0.03855425 0.03738626
 0.0349883  0.03449365 0.03283592 0.02635763]","['Speech', 'Inside, small room', 'Animal', 'Crow', 'Caw', 'Laughter', 'Wild animals', 'Bird', 'Inside, large room or hall', 'Shuffle']"
0,"PNCwMnNW-jw,","0.000,","10.000,",['male'],"[0.3498406  0.17911452 0.06567162 0.05125944 0.0455165  0.0380437
 0.02762218 0.0232175  0.01860967 0.01741786]","['Speech', 'Music', 'Plop', 'Explosion', 'Boom', 'Shatter', 'Sound effect', 'Burst, pop', 'Glass', 'Arrow']"
0,"PRzlNIAxemw,","30.000,","40.000,",['child'],"[0.31778234 0.19556677 0.09723951 0.05298806 0.0501902  0.0414562
 0.04045693 0.02199276 0.0182146  0.01538642]","['Music', 'Chant', 'Mantra', 'Choir', 'Singing', 'Speech', 'Vocal music', 'Christian music', 'Gospel music', 'Middle Eastern music']"
0,"Pi71Wuvwg5Y,","50.000,","60.000,",['child'],"[0.6984022  0.0837367  0.03676433 0.01649624 0.01571587 0.01415096
 0.01400003 0.01338315 0.01157332 0.01085234]","['Speech', 'Child speech, kid speaking', 'Children playing', 'Cat', 'Music', 'Inside, small room', 'Animal', 'Meow', 'Child singing', 'Domestic animals, pets']"
0,"PlMt7NoIYDU,","220.000,","230.000,",['child'],"[0.49600938 0.09754346 0.07656935 0.07476696 0.07083153 0.03490394
 0.03214457 0.03164722 0.02738063 0.02472414]","['Music', 'Speech', 'Animal', 'Domestic animals, pets', 'Dog', 'Growling', 'Thunk', 'Sliding door', 'Bow-wow', 'Bark']"
0,"QHtpX2ATek0,","40.000,","50.000,",['child'],"[0.68531007 0.26784354 0.06156833 0.03399327 0.02020584 0.01777153
 0.00882228 0.00840868 0.00710606 0.0070946 ]","['Speech', 'Child speech, kid speaking', 'Children playing', 'Child singing', 'Inside, small room', 'Singing', 'Outside, urban or manmade', 'Inside, public space', 'Narration, monologue', 'Inside, large room or hall']"
0,"QNRche7AZkM,","270.000,","280.000,",['male'],"[0.8017897  0.12209079 0.03144937 0.00327161 0.0023705  0.00150787
 0.00148673 0.0013775  0.00124734 0.00110921]","['Speech', 'Silence', 'Inside, small room', 'Narration, monologue', 'Chewing, mastication', 'Clicking', 'Child speech, kid speaking', 'Writing', 'Crumpling, crinkling', 'Tearing']"
0,"QXnJ2manIdI,","30.000,","40.000,",['female'],"[0.8658144  0.04742004 0.0293604  0.02771602 0.02701736 0.01257279
 0.00815429 0.00786244 0.00448825 0.00435118]","['Speech', 'Bathtub (filling or washing)', 'Child speech, kid speaking', 'Narration, monologue', 'Inside, small room', 'Conversation', 'Inside, large room or hall', 'Water', 'Dog', 'Domestic animals, pets']"
0,"QrcL5TkDTD0,","0.000,","10.000,",['child'],"[0.24093567 0.15586115 0.13701077 0.10534707 0.09936909 0.08510002
 0.06443751 0.05995767 0.05788888 0.04210418]","['Silence', 'Telephone', 'Alarm', 'Ringtone', 'Telephone bell ringing', 'Ding', 'Ding-dong', 'Doorbell', 'Music', 'Jingle, tinkle']"
0,"QvLeTxLGV_o,","30.000,","40.000,",['female'],"[0.4283494  0.2906615  0.08963551 0.06104835 0.04839971 0.01939565
 0.01653379 0.0124657  0.01147537 0.01109768]","['Speech', 'Music', 'Ukulele', 'Plucked string instrument', 'Musical instrument', 'Inside, small room', 'Narration, monologue', 'Inside, large room or hall', 'Children playing', 'Child speech, kid speaking']"
0,"RI2T1BBL_8I,","30.000,","40.000,",['child'],"[0.45834377 0.05506536 0.03624995 0.03355643 0.02486229 0.0227022
 0.00878286 0.00865719 0.0077527  0.00605434]","['Speech', 'Child singing', 'Child speech, kid speaking', 'Singing', 'Music', 'Inside, large room or hall', 'Inside, small room', 'Synthetic singing', 'Crowd', 'Television']"
0,"RP9ix8mjF20,","10.000,","20.000,",['child'],"[0.27883437 0.16891938 0.0684692  0.06530259 0.06062829 0.05855371
 0.04509592 0.04351801 0.0354622  0.03416251]","['Speech', 'Inside, small room', 'Breathing', 'Gasp', 'Whimper', 'Typewriter', 'Typing', 'Snort', 'Wail, moan', 'Hiccup']"
0,"RPMicSPIAlg,","30.000,","40.000,",['female'],"[0.9063461  0.02283265 0.01828053 0.01491628 0.00654685 0.0058728
 0.00349881 0.00199452 0.0017731  0.00124664]","['Speech', 'Inside, small room', 'Narration, monologue', 'Sneeze', 'Conversation', 'Child speech, kid speaking', 'Breathing', 'Inside, large room or hall', 'Burping, eructation', 'Pig']"
0,"RXJxtAHtkcs,","0.000,","10.000,",['child'],"[0.12025245 0.11984131 0.0920407  0.07628407 0.06903096 0.06345643
 0.0622972  0.05486711 0.05207837 0.04764564]","['Inside, small room', 'Speech', 'Babbling', 'Crying, sobbing', 'Hiccup', 'Child speech, kid speaking', 'Domestic animals, pets', 'Laughter', 'Whimper', 'Dog']"
0,"Rn8Te4D0EuU,","100.000,","110.000,",['child'],"[0.3294041  0.24257457 0.07099269 0.05191016 0.01389531 0.01229589
 0.01217688 0.00976665 0.00970048 0.00734329]","['Music', 'Speech', 'Music for children', 'Child speech, kid speaking', 'Domestic animals, pets', 'Plop', 'Animal', 'Inside, small room', 'Boing', 'Jingle, tinkle']"
0,"RtUTtZ-DZZM,","480.000,","490.000,",['child'],"[0.65125346 0.08221099 0.02910834 0.02853939 0.01768629 0.01692438
 0.0143598  0.00881134 0.00770355 0.00727637]","['Music', 'Speech', 'Child speech, kid speaking', 'Inside, small room', 'Screaming', 'Orchestra', 'Musical instrument', 'Crying, sobbing', 'Goose', 'Duck']"
0,"Sv9Pm4AburQ,","30.000,","40.000,",['male'],"[0.4805301  0.08260042 0.05650669 0.04765433 0.03133755 0.01252657
 0.00911888 0.00827085 0.00640928 0.00620426]","['Speech', 'Crowd', 'Inside, large room or hall', 'Cheering', 'Inside, public space', 'Outside, urban or manmade', 'Narration, monologue', 'Shout', 'Whoop', 'Run']"
0,"T-8xETNgtvE,","30.000,","40.000,",['male'],"[0.5282298  0.1117487  0.05488524 0.04530188 0.03851915 0.02790789
 0.02411917 0.01696363 0.01287927 0.01125298]","['Speech', 'Skateboard', 'Vehicle', 'Typing', 'Computer keyboard', 'Tap', 'Door', 'Clip-clop', 'Outside, urban or manmade', 'Inside, large room or hall']"
0,"TB3VhNczX88,","10.000,","20.000,",['child'],"[0.31919265 0.2836637  0.10542385 0.08188849 0.07214957 0.0667203
 0.0610972  0.04693633 0.03887553 0.0380052 ]","['Speech', 'Cough', 'Hiccup', 'Throat clearing', 'Child speech, kid speaking', 'Crying, sobbing', 'Laughter', 'Child singing', 'Inside, small room', 'Babbling']"
0,"THabBXHUpAM,","220.000,","230.000,",['child'],"[0.6243552  0.04327141 0.03842493 0.03196659 0.02590281 0.02571819
 0.02419674 0.02364654 0.02052658 0.01981495]","['Speech', 'Dog', 'Domestic animals, pets', 'Bow-wow', 'Animal', 'Outside, urban or manmade', 'Water', 'Skateboard', 'Yip', 'Splash, splatter']"
0,"TNCJ68vFKg8,","120.000,","130.000,",['child'],"[0.6130453  0.08724059 0.08476808 0.08049531 0.06604093 0.0517329
 0.03019802 0.02703877 0.02387186 0.02206885]","['Speech', 'Laughter', 'Babbling', 'Inside, small room', 'Child speech, kid speaking', 'Crying, sobbing', 'Baby cry, infant cry', 'Giggle', 'Belly laugh', 'Baby laughter']"
0,"U-Qe9aNkrdE,","30.000,","40.000,",['female'],"[0.5840815  0.08271921 0.05711147 0.04222701 0.03067824 0.02814554
 0.02508076 0.02100817 0.0208382  0.0182124 ]","['Speech', 'Inside, small room', 'Animal', 'Child speech, kid speaking', 'Domestic animals, pets', 'Livestock, farm animals, working animals', 'Fowl', 'Chicken, rooster', 'Dog', 'Inside, large room or hall']"
0,"U2Z3gH8r1hE,","160.000,","170.000,",['child'],"[0.4374967  0.17963898 0.11787447 0.1143029  0.06930588 0.04422634
 0.03671584 0.03290163 0.01632557 0.01346812]","['Speech', 'Child speech, kid speaking', 'Inside, small room', 'Babbling', 'Laughter', 'Giggle', 'Baby laughter', 'Belly laugh', 'Crying, sobbing', 'Bathtub (filling or washing)']"
0,"UI7rXDuYrMM,","30.000,","40.000,",['child'],"[0.5047227  0.06819734 0.02729464 0.01827417 0.01197012 0.01189203
 0.01096549 0.00780392 0.00778626 0.00718531]","['Music', 'Singing', 'Child singing', 'Inside, large room or hall', 'Hands', 'Child speech, kid speaking', 'Pop music', 'Speech', 'Clapping', 'Choir']"
0,"URmMmkFEYhc,","500.000,","510.000,",['child'],"[0.43795    0.15304813 0.09510045 0.05468594 0.04020112 0.03577602
 0.03548511 0.03414147 0.03342279 0.03208051]","['Speech', 'Child speech, kid speaking', 'Bathtub (filling or washing)', 'Inside, small room', 'Liquid', 'Animal', 'Frying (food)', 'Livestock, farm animals, working animals', 'Stir', 'Sizzle']"
0,"UWZg6DiLRgc,","80.000,","90.000,",['child'],"[0.37851936 0.20090306 0.16344091 0.1511941  0.14985812 0.1048224
 0.09576438 0.09309848 0.02471378 0.01138428]","['Speech', 'Frog', 'Child speech, kid speaking', 'Wild animals', 'Animal', 'Croak', 'Silence', 'Inside, small room', 'Babbling', 'Child singing']"
0,"VLNKqrVmD9g,","30.000,","40.000,",['female'],"[0.6308756  0.10820566 0.10199066 0.01834094 0.01518737 0.01317685
 0.01068821 0.00955333 0.00542782 0.0046455 ]","['Speech', 'Clapping', 'Hands', 'Inside, large room or hall', 'Laughter', 'Outside, urban or manmade', 'Snicker', 'Crowd', 'Chuckle, chortle', 'Conversation']"
0,"VPhcuvPn6L4,","250.000,","260.000,",['child'],"[0.46863952 0.21100616 0.1739641  0.03786631 0.02376182 0.02252612
 0.01972632 0.01581584 0.01475586 0.01320671]","['Speech', 'Inside, small room', 'Child speech, kid speaking', 'Shuffling cards', 'Coin (dropping)', 'Typing', 'Laughter', 'Typewriter', 'Rodents, rats, mice', 'Scrape']"
0,"VRLST_4xmAs,","30.000,","40.000,",['child'],"[0.84766114 0.04819799 0.02185089 0.00543783 0.00407174 0.0038539
 0.00280276 0.00266087 0.00235891 0.0019443 ]","['Speech', 'Inside, small room', 'Child speech, kid speaking', 'Narration, monologue', 'Hands', 'Whispering', 'Writing', 'Bathtub (filling or washing)', 'Domestic animals, pets', 'Tap']"
0,"VZHuBw-BhDg,","50.000,","60.000,",['child'],"[0.37068853 0.21323283 0.08371536 0.06970936 0.06557006 0.04228493
 0.03538936 0.03526529 0.03381073 0.03352053]","['Speech', 'Child speech, kid speaking', 'Inside, small room', 'Laughter', 'Child singing', 'Singing', 'Belly laugh', 'Giggle', 'Hiccup', 'Babbling']"
0,"V_NbY-oVDJI,","30.000,","40.000,",['female'],"[0.7543479  0.16526102 0.14551347 0.08195601 0.04124573 0.01346212
 0.01246414 0.01052495 0.00799919 0.00636442]","['Speech', 'Laughter', 'Snicker', 'Chuckle, chortle', 'Inside, small room', 'Belly laugh', 'Giggle', 'Inside, large room or hall', 'Child speech, kid speaking', 'Screaming']"
0,"W-OfKxzsiv4,","120.000,","130.000,",['child'],"[0.6407622  0.11184933 0.05173616 0.04448866 0.03062619 0.02917243
 0.01869881 0.01532678 0.01425079 0.01106671]","['Speech', 'Inside, small room', 'Child speech, kid speaking', 'Dishes, pots, and pans', 'Babbling', 'Cutlery, silverware', 'Squish', 'Coin (dropping)', 'Sliding door', 'Glass']"
0,"W4acKG-KSTE,","30.000,","40.000,",['male'],"[0.9312865  0.01284014 0.01143525 0.00834587 0.00385874 0.0034522
 0.00281004 0.00277808 0.00257196 0.00208431]","['Speech', 'Skateboard', 'Narration, monologue', 'Inside, large room or hall', 'Conversation', 'Outside, urban or manmade', 'Inside, small room', 'Laughter', 'Chuckle, chortle', 'Run']"
0,"W6iwVLm51-k,","30.000,","40.000,",['female'],"[0.9039499  0.04103774 0.02215967 0.018707   0.00951279 0.00941508
 0.00927104 0.00793478 0.00602381 0.00587742]","['Speech', 'Child speech, kid speaking', 'Conversation', 'Inside, small room', 'Inside, large room or hall', 'Laughter', 'Child singing', 'Narration, monologue', 'Singing', 'Snicker']"
0,"WChnH2EJr_8,","20.000,","30.000,",['female'],"[0.43603498 0.35613742 0.04553633 0.03847136 0.03752162 0.03411949
 0.02852388 0.01288033 0.01276588 0.01151849]","['Burping, eructation', 'Speech', 'Pig', 'Grunt', 'Oink', 'Cough', 'Inside, small room', 'Animal', 'Throat clearing', 'Vehicle']"
0,"WD2HPRlvVwA,","30.000,","40.000,",['child'],"[0.6698426  0.10748096 0.05698431 0.03766956 0.03558023 0.03035916
 0.01765529 0.01540636 0.01195092 0.00973276]","['Music', 'Singing', 'Vocal music', 'Christian music', 'Gospel music', 'A capella', 'Choir', 'Inside, large room or hall', 'Musical instrument', 'Child singing']"
0,"WR4vkITJckY,","520.000,","530.000,",['child'],"[0.7196576  0.14888693 0.03875993 0.03373364 0.03149001 0.02510921
 0.01731708 0.01395062 0.01294359 0.00859438]","['Speech', 'Child speech, kid speaking', 'Children playing', 'Laughter', 'Inside, small room', 'Inside, large room or hall', 'Snicker', 'Chuckle, chortle', 'Giggle', 'Crying, sobbing']"
0,"X2IUVELRuzs,","110.000,","120.000,",['male'],"[0.4171543  0.2716832  0.13631436 0.10889055 0.09692258 0.02496722
 0.01850437 0.01749911 0.01537257 0.0148999 ]","['Speech', 'Music', 'Glass', 'Breaking', 'Shatter', 'Chink, clink', 'Inside, small room', 'Whimper', 'Burst, pop', 'Whack, thwack']"
0,"XE0yaKh5vj4,","30.000,","40.000,",['female'],"[0.32810256 0.09821352 0.09528548 0.08368343 0.05941254 0.04705009
 0.03922089 0.03752485 0.027985   0.02654558]","['Speech', 'Animal', 'Domestic animals, pets', 'Dog', 'Growling', 'Vehicle', 'Car', 'Motor vehicle (road)', 'Whimper (dog)', 'Silence']"
0,"XIW8Ai-YMdA,","210.000,","220.000,",['male'],"[0.43281963 0.24176298 0.15623893 0.1127051  0.11128244 0.07163931
 0.06707221 0.01646906 0.01163136 0.01110504]","['Speech', 'Animal', 'Pig', 'Livestock, farm animals, working animals', 'Oink', 'Domestic animals, pets', 'Dog', 'Outside, rural or natural', 'Yip', 'Whimper (dog)']"
0,"Y8pS5H0cnaA,","100.000,","110.000,",['child'],"[0.2862672  0.08891173 0.08684558 0.03526432 0.02621673 0.01386934
 0.01232395 0.010284   0.00967968 0.00844013]","['Speech', 'Inside, small room', 'Silence', 'Music', 'Crumpling, crinkling', 'Child speech, kid speaking', 'Television', 'Hiccup', 'Crunch', 'Inside, large room or hall']"
0,"YN6pV8UsmTA,","30.000,","40.000,",['child'],"[0.36495155 0.25303188 0.06353802 0.04966932 0.03747886 0.03427041
 0.03188772 0.01740479 0.01177286 0.01131503]","['Silence', 'Speech', 'Inside, small room', 'Child speech, kid speaking', 'Bird', 'Wild animals', 'Animal', 'Vehicle', 'Sliding door', 'Mechanisms']"
0,"Y_Mz8HfaT2U,","30.000,","40.000,",['child'],"[0.48735243 0.18548715 0.06981059 0.06828513 0.05869848 0.05472725
 0.03661122 0.02629839 0.02245936 0.0166048 ]","['Speech', 'Child speech, kid speaking', 'Dog', 'Domestic animals, pets', 'Animal', 'Inside, small room', 'Laughter', 'Bathtub (filling or washing)', 'Crying, sobbing', 'Whimper (dog)']"
0,"YoSAZzE9tMI,","30.000,","40.000,",['female'],"[0.69031495 0.08346075 0.04223881 0.03917063 0.02657118 0.01334894
 0.01326501 0.01294699 0.010323   0.01011117]","['Speech', 'Inside, small room', 'Child speech, kid speaking', 'Burping, eructation', 'Writing', 'Silence', 'Rustle', 'Snake', 'Cough', 'Narration, monologue']"
0,"YuvmP7Lsr2k,","30.000,","40.000,",['male'],"[0.33011535 0.27482447 0.16421442 0.10091283 0.06741291 0.02584127
 0.02279016 0.01860083 0.0180344  0.0167371 ]","['Choir', 'Speech', 'Chant', 'Mantra', 'Singing', 'Vocal music', 'Inside, public space', 'Music', 'Christian music', 'A capella']"
0,"ZGrmfYmxXkc,","90.000,","100.000,",['child'],"[0.48191237 0.12124526 0.11609977 0.0348443  0.03158462 0.02392954
 0.01959791 0.01714612 0.0158985  0.01559124]","['Speech', 'Outside, rural or natural', 'Walk, footsteps', 'Run', 'Animal', 'Outside, urban or manmade', 'Inside, small room', 'Horse', 'Clip-clop', 'Livestock, farm animals, working animals']"
0,"ZVMxLiAWfR4,","80.000,","90.000,",['child'],"[0.37274575 0.16322787 0.14848132 0.14369905 0.1433862  0.13910106
 0.13812077 0.07761487 0.04506626 0.03508003]","['Speech', 'Animal', 'Livestock, farm animals, working animals', 'Fowl', 'Duck', 'Quack', 'Goose', 'Fart', 'Inside, small room', 'Crying, sobbing']"
0,"_-_U21mzk40,","30.000,","40.000,","['child', 'female']","[0.82415926 0.04945528 0.03868309 0.02149269 0.01161926 0.00916716
 0.00647425 0.00621464 0.00583183 0.00577884]","['Speech', 'Inside, small room', 'Child speech, kid speaking', 'Laughter', 'Chuckle, chortle', 'Inside, large room or hall', 'Conversation', 'Child singing', 'Snicker', 'Narration, monologue']"
0,"_3ZOigx8e3c,","30.000,","40.000,",['male'],"[0.68017113 0.04445325 0.02201082 0.01686255 0.01564373 0.01176927
 0.01029328 0.00860708 0.00829327 0.00822774]","['Speech', 'Inside, large room or hall', 'Crowd', 'Inside, public space', 'Inside, small room', 'Shout', 'Whoop', 'Cheering', 'Laughter', 'Children playing']"
0,"_bAVmK7n0fs,","130.000,","140.000,",['male'],"[0.354405   0.27075535 0.270655   0.26618427 0.21150766 0.12106542
 0.1130781  0.0893083  0.05758802 0.03342906]","['Speech', 'Animal', 'Domestic animals, pets', 'Dog', 'Pant', 'Whimper (dog)', 'Breathing', 'Canidae, dogs, wolves', 'Wild animals', 'Yip']"
0,"_iQ2hXonRsY,","460.000,","470.000,",['child'],"[0.5399524  0.0609716  0.05264313 0.04206542 0.0408654  0.02684069
 0.01934951 0.01905413 0.01335456 0.01310102]","['Speech', 'Animal', 'Inside, small room', 'Dog', 'Domestic animals, pets', 'Laughter', 'Hiccup', 'Bow-wow', 'Yip', 'Livestock, farm animals, working animals']"
0,"a7WAfwKi88Q,","30.000,","40.000,",['female'],"[0.7253838  0.23308402 0.1355474  0.03180389 0.02278604 0.01613276
 0.0113798  0.00543121 0.00481501 0.00409076]","['Speech', 'Music', 'Babbling', 'Child speech, kid speaking', 'Inside, small room', 'Crying, sobbing', 'Baby cry, infant cry', 'Sizzle', 'Narration, monologue', 'Child singing']"
0,"a7XwPgmB0ro,","180.000,","190.000,",['child'],"[0.7558686  0.07084908 0.04801375 0.0473372  0.0444334  0.03791283
 0.03630677 0.03571875 0.03047787 0.02724774]","['Speech', 'Water', 'Splash, splatter', 'Children playing', 'Stream', 'Slosh', 'Liquid', 'Child speech, kid speaking', 'Waterfall', 'Rowboat, canoe, kayak']"
0,"am29ZpBd3nI,","200.000,","210.000,",['child'],"[0.7122615  0.04793043 0.03221453 0.02619521 0.02452461 0.02241125
 0.02168489 0.01886029 0.01567336 0.01324607]","['Speech', 'Children playing', 'Outside, urban or manmade', 'Chatter', 'Noise', 'Music', 'Child speech, kid speaking', 'Hubbub, speech noise, speech babble', 'Bus', 'Vehicle']"
0,"an8sNYncBao,","450.000,","460.000,",['child'],"[0.39954275 0.16563976 0.04868044 0.03887784 0.02029494 0.01957086
 0.0180133  0.01667159 0.0156119  0.01509685]","['Speech', 'Child speech, kid speaking', 'Inside, small room', 'Babbling', 'Domestic animals, pets', 'Music', 'Dog', 'Laughter', 'Animal', 'Inside, large room or hall']"
0,"auC_LgwFF8g,","30.000,","40.000,",['female'],"[0.8455878  0.02101989 0.00838111 0.0071282  0.00701116 0.00668189
 0.00630658 0.0057819  0.00424256 0.00386817]","['Speech', 'Inside, small room', 'Conversation', 'Domestic animals, pets', 'Inside, large room or hall', 'Screaming', 'Laughter', 'Animal', 'Outside, urban or manmade', 'Crying, sobbing']"
0,"azBQiZ6wCWM,","30.000,","40.000,",['female'],"[0.57845676 0.07686762 0.04295167 0.02878554 0.00542737 0.0039225
 0.0038329  0.00329382 0.00292835 0.00225112]","['Speech', 'Narration, monologue', 'Music', 'Inside, large room or hall', 'Children playing', 'Inside, public space', 'Child speech, kid speaking', 'Singing', 'Conversation', 'Inside, small room']"
0,"bDN1mAaexyE,","180.000,","190.000,",['child'],"[0.67002857 0.07673144 0.06184163 0.04045391 0.03766512 0.03204957
 0.02769706 0.02033761 0.01577759 0.01238093]","['Speech', 'Inside, small room', 'Child speech, kid speaking', 'Domestic animals, pets', 'Dog', 'Animal', 'Screaming', 'Crying, sobbing', 'Whimper', 'Laughter']"
0,"bO6gUBBcniY,","30.000,","40.000,",['male'],"[0.7159221  0.1948652  0.04254537 0.00678925 0.00533433 0.00499271
 0.00473183 0.00430375 0.00396868 0.00269601]","['Speech', 'Applause', 'Narration, monologue', 'Bicycle', 'Boat, Water vehicle', 'Crowd', 'Inside, large room or hall', 'Conversation', 'Motorboat, speedboat', 'Vehicle']"
0,"bg8m7K9pxFI,","180.000,","190.000,",['child'],"[0.5630347  0.18666896 0.11087908 0.04840748 0.04492324 0.0329044
 0.01764524 0.01293804 0.01035441 0.01027617]","['Speech', 'Child speech, kid speaking', 'Inside, small room', 'Domestic animals, pets', 'Dog', 'Animal', 'Bathtub (filling or washing)', 'Children playing', 'Whimper (dog)', 'Yip']"
0,"cCVd_I1M_fs,","30.000,","40.000,",['child'],"[0.34637156 0.15389393 0.06797598 0.06471337 0.06316286 0.05178775
 0.04857954 0.04793661 0.03452046 0.03385738]","['Speech', 'Laughter', 'Snicker', 'Inside, small room', 'Chuckle, chortle', 'Child speech, kid speaking', 'Giggle', 'Belly laugh', 'Cat', 'Crying, sobbing']"
0,"cE5Yihyqup4,","70.000,","80.000,",['male'],"[0.37866014 0.09801355 0.06691954 0.06630339 0.05150438 0.04763211
 0.03346137 0.02597127 0.02541984 0.02359661]","['Speech', 'Breathing', 'Snoring', 'Inside, small room', 'Animal', 'Snort', 'Hiss', 'Hiccup', 'Snake', 'Laughter']"
0,"cGUhG5PZp0A,","30.000,","40.000,",['male'],"[0.5818625  0.04715472 0.03019526 0.0153606  0.01343513 0.01190286
 0.01083134 0.00676274 0.00670007 0.00660554]","['Music', 'Singing', 'Yodeling', 'Vocal music', 'Speech', 'Music of Latin America', 'Folk music', 'Inside, large room or hall', 'Christian music', 'Middle Eastern music']"
0,"cuM4hc8oGjI,","550.000,","560.000,",['child'],"[0.5914211  0.18606003 0.05538049 0.05389342 0.04902482 0.04815696
 0.04150624 0.0366593  0.01208259 0.00916623]","['Speech', 'Laughter', 'Baby laughter', 'Belly laugh', 'Giggle', 'Chuckle, chortle', 'Snicker', 'Inside, small room', 'Whimper', 'Hiccup']"
0,"d-svfUMX3BM,","10.000,","20.000,",['child'],"[0.5453924  0.25517744 0.1845169  0.13266878 0.04428467 0.04072993
 0.02899711 0.02432351 0.00504541 0.00392491]","['Speech', 'Hands', 'Clapping', 'Child speech, kid speaking', 'Singing', 'Child singing', 'Inside, small room', 'Narration, monologue', 'Tap', 'Door']"
0,"dHOJW7uPZ5g,","20.000,","30.000,",['child'],"[0.7752245  0.03062986 0.02540044 0.02169234 0.02049724 0.02040058
 0.01808405 0.01545274 0.01292566 0.00864421]","['Music', 'Singing', 'Rattle (instrument)', 'Music for children', 'Musical instrument', 'Jingle, tinkle', 'Christmas music', 'Maraca', 'Happy music', 'Guitar']"
0,"dOKfGfiqJns,","560.000,","570.000,",['child'],"[0.3911284  0.31425384 0.10259644 0.07562927 0.07294444 0.07009795
 0.05694025 0.04274387 0.02633895 0.02479112]","['Speech', 'Child speech, kid speaking', 'Inside, small room', 'Babbling', 'Child singing', 'Hands', 'Singing', 'Clapping', 'Crying, sobbing', 'Domestic animals, pets']"
0,"eAnk9fOKUEA,","200.000,","210.000,",['child'],"[0.83213055 0.07059092 0.03661678 0.01465754 0.01289516 0.00703271
 0.00664941 0.00584241 0.00510122 0.00495654]","['Speech', 'Child speech, kid speaking', 'Children playing', 'Outside, urban or manmade', 'Outside, rural or natural', 'Inside, small room', 'Inside, public space', 'Snake', 'Bicycle', 'Animal']"
0,"emn0oCLlsGA,","0.000,","10.000,",['child'],"[0.20977575 0.20833093 0.08962233 0.06792871 0.06554408 0.06486732
 0.0428066  0.02863949 0.02562854 0.02396996]","['Music', 'Boing', 'Music for children', 'Speech', 'Sound effect', 'Plop', 'Inside, small room', 'Telephone', 'Breathing', 'Child speech, kid speaking']"
0,"fZHybuxLwo8,","60.000,","70.000,",['child'],"[0.37329808 0.07662312 0.07206059 0.07021016 0.0600253  0.03833766
 0.03341015 0.03050605 0.02853175 0.02817829]","['Speech', 'Child speech, kid speaking', 'Crying, sobbing', 'Baby cry, infant cry', 'Water', 'Babbling', 'Liquid', 'Inside, small room', 'Boiling', 'Splash, splatter']"
0,"flwcnHjaVZI,","30.000,","40.000,",['child'],"[0.7916085  0.12515934 0.06242241 0.01472541 0.01012028 0.00673231
 0.00526555 0.00210976 0.00201415 0.00186593]","['Speech', 'Child speech, kid speaking', 'Inside, small room', 'Bathtub (filling or washing)', 'Narration, monologue', 'Conversation', 'Inside, large room or hall', 'Water', 'Hands', 'Laughter']"
0,"fyf_A3-tLuk,","130.000,","140.000,",['child'],"[0.3822519  0.11146311 0.10853514 0.066051   0.06203414 0.05785809
 0.05539675 0.05475827 0.04943935 0.04770305]","['Speech', 'Animal', 'Laughter', 'Pig', 'Livestock, farm animals, working animals', 'Chuckle, chortle', 'Domestic animals, pets', 'Inside, small room', 'Snicker', 'Dog']"
0,"g9hV548gd2I,","10.000,","20.000,",['child'],"[0.37495914 0.3645159  0.09935118 0.09735665 0.09373042 0.01354626
 0.00740047 0.00330933 0.00282818 0.00270569]","['Child speech, kid speaking', 'Speech', 'Child singing', 'Inside, small room', 'Singing', 'Narration, monologue', 'Hands', 'Lullaby', 'Inside, large room or hall', 'Mantra']"
0,"gEvCUcZ6w88,","30.000,","40.000,",['female'],"[0.7566209  0.02499442 0.01909398 0.01794059 0.01349925 0.01329092
 0.01196991 0.00848233 0.00674858 0.00661401]","['Music', 'Jingle bell', 'Speech', 'Music for children', 'Christmas music', 'Singing', 'Jingle (music)', 'Bell', 'Jingle, tinkle', 'Tender music']"
0,"gF5gfblw13c,","370.000,","380.000,",['child'],"[0.51615596 0.11862648 0.05597648 0.05578379 0.05099699 0.0428003
 0.03366258 0.03334063 0.0325664  0.03236755]","['Speech', 'Animal', 'Inside, small room', 'Domestic animals, pets', 'Child speech, kid speaking', 'Dog', 'Screaming', 'Fowl', 'Wild animals', 'Chicken, rooster']"
0,"gL9d82dr99M,","260.000,","270.000,",['child'],"[0.4267729  0.04198262 0.03252561 0.0286941  0.02038992 0.01796128
 0.01772614 0.01701641 0.01615913 0.01584735]","['Speech', 'Child speech, kid speaking', 'Vehicle', 'Bicycle', 'Crying, sobbing', 'Inside, large room or hall', 'Baby cry, infant cry', 'Motor vehicle (road)', 'Inside, small room', 'Outside, urban or manmade']"
0,"gPaoJv-NrEU,","30.000,","40.000,",['male'],"[0.7978403  0.03545812 0.02544102 0.01163624 0.003064   0.00285184
 0.00262234 0.00234785 0.00225938 0.00167992]","['Speech', 'Music', 'Narration, monologue', 'Inside, large room or hall', 'Inside, small room', 'Inside, public space', 'Conversation', 'Singing', 'Crowd', 'Mantra']"
0,"guRyU4B5LlA,","30.000,","40.000,",['male'],"[0.79616976 0.02169405 0.01734951 0.01279236 0.00989184 0.00954951
 0.00883183 0.00729317 0.00719754 0.00718603]","['Music', 'Jingle bell', 'Singing', 'Tender music', 'Christmas music', 'Country', 'Bell', 'Guitar', 'Speech', 'Strum']"
0,"hYk2rw9wcXc,","70.000,","80.000,",['male'],"[0.61824065 0.08461805 0.03749438 0.02867395 0.01786092 0.00989619
 0.0097969  0.00747706 0.0064346  0.00616628]","['Speech', 'Beatboxing', 'Inside, small room', 'Fart', 'Laughter', 'Chuckle, chortle', 'Inside, large room or hall', 'Conversation', 'Child speech, kid speaking', 'Vocal music']"
0,"hq4s4S9wMWI,","100.000,","110.000,",['child'],"[0.8585738  0.05528394 0.01544567 0.01049083 0.01042062 0.00739448
 0.0060472  0.00597967 0.00545885 0.00480984]","['Speech', 'Music', 'Child speech, kid speaking', 'Whimper', 'Inside, small room', 'Crying, sobbing', 'Domestic animals, pets', 'Children playing', 'Outside, urban or manmade', 'Conversation']"
0,"ieZmQbzQYtw,","0.000,","6.000,",['child'],"[0.2601457  0.16356738 0.16311409 0.13625783 0.06307358 0.06296083
 0.05675282 0.04703748 0.04500785 0.04137291]","['Speech', 'Dog', 'Domestic animals, pets', 'Animal', 'Whimper (dog)', 'Crying, sobbing', 'Yip', 'Bow-wow', 'Inside, small room', 'Filing (rasp)']"
0,"j2JoL0Bmx4M,","10.000,","20.000,","['child', 'male']","[0.40242967 0.15172522 0.11401282 0.09544235 0.07575232 0.05911137
 0.05163338 0.04397684 0.03856638 0.03679625]","['Speech', 'Animal', 'Livestock, farm animals, working animals', 'Fowl', 'Chicken, rooster', 'Insect', 'Wild animals', 'Bird', 'Outside, rural or natural', 'Cluck']"
0,"jIN3_2uHzlo,","90.000,","100.000,",['child'],"[0.22645576 0.18066089 0.04115161 0.03925653 0.03805916 0.03495138
 0.03421469 0.03233112 0.02968379 0.02879061]","['Speech', 'Inside, small room', 'Child speech, kid speaking', 'Pant', 'Domestic animals, pets', 'Sniff', 'Dog', 'Breathing', 'Bouncing', 'Snort']"
0,"jMDHWwO-1fY,","30.000,","40.000,",['male'],"[0.816486   0.04203165 0.02976039 0.01791635 0.01375283 0.01274636
 0.00930175 0.00811456 0.00777631 0.00719989]","['Music', 'Singing', 'Christian music', 'Gospel music', 'Soul music', 'Christmas music', 'Country', 'Folk music', 'Yodeling', 'Jazz']"
0,"jZzj77SLCqk,","70.000,","80.000,",['child'],"[0.88161623 0.07909416 0.06211223 0.05522953 0.04633076 0.02923854
 0.02299884 0.02128177 0.02110609 0.0130479 ]","['Music', 'Country', 'Happy music', 'Bluegrass', 'Jingle (music)', 'Singing', 'Christmas music', 'Christian music', 'Music for children', 'Banjo']"
0,"jqp6Iug3Haw,","150.000,","160.000,",['child'],"[0.41491207 0.1851927  0.04259671 0.0366204  0.03244937 0.02403268
 0.02392441 0.01939642 0.01369739 0.0131934 ]","['Music', 'Speech', 'Child speech, kid speaking', 'Hands', 'Singing', 'Jingle, tinkle', 'Clapping', 'Inside, large room or hall', 'Tap', 'Music of Latin America']"
0,"jucJMIMABN8,","10.000,","20.000,",['child'],"[0.56620014 0.15160282 0.14994605 0.09118517 0.02358775 0.02273478
 0.02136083 0.01064467 0.00966647 0.00928583]","['Speech', 'Silence', 'Child speech, kid speaking', 'Inside, small room', 'Livestock, farm animals, working animals', 'Animal', 'Goat', 'Sheep', 'Babbling', 'Clicking']"
0,"k21xL8UMKFU,","110.000,","120.000,",['child'],"[0.3281669  0.13639641 0.06702221 0.03697159 0.03118744 0.02792854
 0.02779495 0.02381368 0.02355233 0.02238129]","['Speech', 'Vehicle', 'Vacuum cleaner', 'Truck', 'Motor vehicle (road)', 'Steam', 'Hiss', 'Dog', 'Inside, small room', 'Domestic animals, pets']"
0,"kQfIiIiAcn8,","110.000,","120.000,",['child'],"[0.5040902  0.05074146 0.03836212 0.03729922 0.0334736  0.03048448
 0.02812382 0.02252836 0.01432398 0.0142548 ]","['Speech', 'Children playing', 'Music', 'Goat', 'Animal', 'Livestock, farm animals, working animals', 'Child speech, kid speaking', 'Inside, large room or hall', 'Inside, public space', 'Bleat']"
0,"kcL-cVwT6IM,","100.000,","110.000,",['child'],"[0.43368316 0.04658828 0.03426883 0.03265138 0.03078396 0.02808341
 0.01321531 0.00950243 0.00906906 0.0082114 ]","['Speech', 'Inside, small room', 'Child singing', 'Singing', 'Child speech, kid speaking', 'Music', 'Crying, sobbing', 'Inside, large room or hall', 'Hands', 'Baby cry, infant cry']"
0,"kiAMVnSBGw0,","30.000,","40.000,",['male'],"[0.5999621  0.03271792 0.02427816 0.02308343 0.02211276 0.02052391
 0.01842886 0.0161987  0.01413958 0.01361997]","['Speech', 'Outside, urban or manmade', 'Animal', 'Outside, rural or natural', 'Vehicle', 'Wood', 'Inside, small room', 'Crow', 'Domestic animals, pets', 'Caw']"
0,"klF5jHsp2rs,","150.000,","160.000,",['child'],"[0.2943135  0.27447158 0.2726416  0.17769054 0.15116386 0.11614852
 0.09231646 0.06981926 0.06765767 0.06393526]","['Water', 'Speech', 'Liquid', 'Pour', 'Trickle, dribble', 'Water tap, faucet', 'Splash, splatter', 'Slosh', 'Bathtub (filling or washing)', 'Sink (filling or washing)']"
0,"lAznHBBQkp4,","30.000,","40.000,",['female'],"[0.9668066  0.0228558  0.01556043 0.003478   0.00343336 0.00175679
 0.00151201 0.00148187 0.001292   0.00108109]","['Speech', 'Inside, small room', 'Conversation', 'Narration, monologue', 'Inside, large room or hall', 'Tools', 'Outside, rural or natural', 'Rub', 'Liquid', 'Outside, urban or manmade']"
0,"lO1rUT_MTjk,","210.000,","220.000,",['female'],"[0.16448177 0.04921964 0.0479455  0.0433692  0.04258544 0.04191153
 0.03116039 0.02045217 0.01645951 0.01549282]","['Speech', 'Silence', 'Music', 'Mantra', 'Chant', 'Inside, small room', 'Carnatic music', 'Singing', 'Music of Asia', 'Electric shaver, electric razor']"
0,"lVNmt67p86k,","3.000,","13.000,",['child'],"[0.2868418  0.13920602 0.09475069 0.08636929 0.0667887  0.038283
 0.03615644 0.02772552 0.02689592 0.02225882]","['Singing', 'Child singing', 'Speech', 'Inside, small room', 'Hands', 'Music', 'Inside, large room or hall', 'Vocal music', 'A capella', 'Music of Asia']"
0,"m1e9aOwRiDQ,","0.000,","9.000,",['child'],"[0.51978785 0.12997021 0.08327257 0.07128876 0.06334127 0.04897268
 0.03138583 0.02692152 0.02198737 0.01561342]","['Speech', 'Laughter', 'Air horn, truck horn', 'Snicker', 'Chuckle, chortle', 'Child speech, kid speaking', 'Inside, small room', 'Vehicle horn, car horn, honking', 'Narration, monologue', 'Inside, large room or hall']"
0,"mEslZvugQCc,","30.000,","40.000,",['male'],"[0.39044952 0.22331437 0.21710508 0.04037978 0.01982653 0.0180563
 0.0151232  0.01084996 0.00890317 0.00738761]","['Speech', 'Mantra', 'Chant', 'Lullaby', 'Inside, small room', 'Singing', 'Music', 'Vocal music', 'Humming', 'Whimper']"
0,"mOl9Z3ophZA,","130.000,","140.000,",['child'],"[0.45077947 0.09012047 0.0669649  0.04548696 0.03824008 0.02052293
 0.01879109 0.01595656 0.01584764 0.01516729]","['Speech', 'Crying, sobbing', 'Baby cry, infant cry', 'Child speech, kid speaking', 'Whimper', 'Inside, small room', 'Babbling', 'Outside, urban or manmade', 'Domestic animals, pets', 'Animal']"
0,"mh6JxDJ0Bno,","30.000,","40.000,","['male', 'female']","[0.82331645 0.06418    0.0354842  0.01384886 0.00895155 0.0084304
 0.00434044 0.00378545 0.00329625 0.00270254]","['Speech', 'Narration, monologue', 'Applause', 'Conversation', 'Inside, small room', 'Inside, large room or hall', 'Music', 'Laughter', 'Clapping', 'Crowd']"
0,"mtmKNWUNK2c,","180.000,","190.000,",['child'],"[0.82515055 0.0439749  0.0416174  0.02123674 0.01758805 0.01044037
 0.0099494  0.00916054 0.00565663 0.00490761]","['Speech', 'Inside, small room', 'Laughter', 'Child speech, kid speaking', 'Snicker', 'Chuckle, chortle', 'Giggle', 'Inside, large room or hall', 'Screaming', 'Whimper']"
0,"mwYb2HLIAmw,","30.000,","40.000,",['female'],"[0.512054   0.08770661 0.06456329 0.06361597 0.0394733  0.03897486
 0.0313373  0.02608531 0.02513039 0.02437335]","['Speech', 'Child speech, kid speaking', 'Laughter', 'Inside, small room', 'Alarm', 'Siren', 'Snicker', 'Whimper', 'Crying, sobbing', 'Chuckle, chortle']"
0,"n4lyLJf0D-c,","30.000,","40.000,",['child'],"[0.3025858  0.13957968 0.12785345 0.08098087 0.07958679 0.06971762
 0.05838124 0.02640488 0.01490411 0.0143929 ]","['Child singing', 'Singing', 'Child speech, kid speaking', 'Crying, sobbing', 'Speech', 'Baby cry, infant cry', 'Inside, small room', 'Bathtub (filling or washing)', 'Whimper', 'Water']"
0,"n6lloBIIZ-k,","30.000,","40.000,",['female'],"[0.89290094 0.03673491 0.03149179 0.02700864 0.02230772 0.01201517
 0.01113576 0.00954447 0.00863066 0.00755092]","['Speech', 'Spray', 'Liquid', 'Inside, small room', 'Narration, monologue', 'Frying (food)', 'Conversation', 'Sizzle', 'Inside, large room or hall', 'Outside, rural or natural']"
0,"nSBDyxxscks,","220.000,","230.000,",['female'],"[0.14274603 0.10003629 0.09656753 0.0795962  0.06414679 0.05516693
 0.04078042 0.03882222 0.03548379 0.0333563 ]","['Vehicle', 'Speech', 'Animal', 'Domestic animals, pets', 'Music', 'Dog', 'Bus', 'Rail transport', 'Train', 'Outside, urban or manmade']"
0,"neDB4I93EZI,","30.000,","40.000,",['female'],"[0.76833344 0.07550416 0.06052181 0.04104183 0.01995648 0.01541681
 0.01429401 0.01423713 0.01301518 0.01130617]","['Speech', 'Laughter', 'Snicker', 'Chuckle, chortle', 'Hands', 'Door', 'Inside, large room or hall', 'Shuffle', 'Dog', 'Tap']"
0,"npfjFvHidtI,","40.000,","50.000,",['child'],"[0.2058272  0.16799136 0.11387932 0.07521789 0.05594797 0.05048274
 0.04653971 0.04188588 0.03876367 0.03751753]","['Speech', 'Laughter', 'Baby laughter', 'Inside, small room', 'Crunch', 'Drip', 'Belly laugh', 'Beatboxing', 'Bathtub (filling or washing)', 'Liquid']"
0,"nwDLufRbjgI,","110.000,","120.000,",['female'],"[0.4922911  0.14548571 0.09151549 0.05478821 0.04894008 0.04430855
 0.03091221 0.02529154 0.02513425 0.02505388]","['Burping, eructation', 'Speech', 'Grunt', 'Animal', 'Roar', 'Roaring cats (lions, tigers)', 'Pig', 'Groan', 'Dog', 'Oink']"
0,"o0mt4C1mxcU,","210.000,","220.000,",['female'],"[0.3941516  0.36118242 0.3105222  0.14275838 0.05457522 0.02857986
 0.0235387  0.02094819 0.01858599 0.0121949 ]","['Opera', 'Classical music', 'Music', 'Speech', 'Singing', 'Inside, large room or hall', 'Choir', 'Musical instrument', 'Orchestra', 'Chant']"
0,"oH-u_pxYdF0,","130.000,","140.000,",['child'],"[0.11352938 0.10203468 0.07459344 0.06639481 0.06172882 0.05755362
 0.0437247  0.03674198 0.0352136  0.03485152]","['Speech', 'Cough', 'Music', 'Toothbrush', 'Inside, small room', 'Rub', 'Throat clearing', 'Hiccup', 'Filing (rasp)', 'Plop']"
0,"oMmqKfmiDC0,","30.000,","40.000,","['child', 'female']","[0.52043897 0.10292006 0.08036605 0.04813369 0.04583526 0.04416756
 0.03659339 0.02075786 0.01639602 0.01636801]","['Speech', 'Inside, small room', 'Child speech, kid speaking', 'Animal', 'Dog', 'Domestic animals, pets', 'Babbling', 'Bow-wow', 'Whimper (dog)', 'Child singing']"
0,"oZ2PS38NJtI,","30.000,","40.000,",['child'],"[0.7110087  0.03879192 0.02724027 0.01601918 0.00972045 0.00872567
 0.00791606 0.00577389 0.00550933 0.004418  ]","['Music', 'Singing', 'Speech', 'Lullaby', 'Inside, large room or hall', 'Tender music', 'Wedding music', 'Musical instrument', 'Independent music', 'Blues']"
0,"om9_3hyQyg0,","510.000,","520.000,",['child'],"[0.79087466 0.02919273 0.02350801 0.014675   0.0138282  0.01316271
 0.01031974 0.00985907 0.00758112 0.0068321 ]","['Speech', 'Child speech, kid speaking', 'Outside, urban or manmade', 'Splash, splatter', 'Outside, rural or natural', 'Children playing', 'Bicycle', 'Liquid', 'Animal', 'Run']"
0,"pCyBMztWUFk,","60.000,","70.000,",['child'],"[0.61871475 0.14109537 0.13201636 0.08259505 0.05927153 0.01051794
 0.00919999 0.00701297 0.00484664 0.00478484]","['Speech', 'Child speech, kid speaking', 'Hands', 'Clapping', 'Inside, small room', 'Narration, monologue', 'Finger snapping', 'Tap', 'Slap, smack', 'Tools']"
0,"pEbbXAYA0SA,","120.000,","130.000,",['child'],"[0.4585462  0.12073968 0.0978989  0.03543018 0.0195151  0.01414161
 0.01333717 0.01159673 0.00856975 0.00664841]","['Speech', 'Music', 'Child speech, kid speaking', 'Inside, large room or hall', 'Children playing', 'Shuffle', 'Ping', 'Inside, small room', 'Inside, public space', 'Door']"
0,"pIHpscOnm7w,","20.000,","30.000,",['female'],"[0.59261906 0.07475121 0.02289182 0.01952687 0.0143407  0.01223367
 0.01194361 0.01113623 0.00992406 0.0097429 ]","['Speech', 'Radio', 'Inside, small room', 'Vehicle', 'Dog', 'Domestic animals, pets', 'Noise', 'Motor vehicle (road)', 'Animal', 'Television']"
0,"qJEmruL7fzk,","30.000,","40.000,",['child'],"[0.78463537 0.08525822 0.06092545 0.03981533 0.01397048 0.0096837
 0.00843517 0.00841529 0.00830708 0.00656741]","['Speech', 'Crying, sobbing', 'Baby cry, infant cry', 'Inside, small room', 'Child speech, kid speaking', 'Narration, monologue', 'Laughter', 'Babbling', 'Screaming', 'Whimper']"
0,"rW9BQJBvEZQ,","430.000,","440.000,",['female'],"[0.63596296 0.08641886 0.08023141 0.04127583 0.03600331 0.02923412
 0.02226686 0.02183091 0.02046722 0.01577078]","['Speech', 'Child speech, kid speaking', 'Music', 'Glockenspiel', 'Mallet percussion', 'Inside, small room', 'Percussion', 'Child singing', 'Marimba, xylophone', 'Doorbell']"
0,"sKglR9n1aFg,","30.000,","40.000,",['male'],"[0.7450938  0.02441162 0.02436546 0.02365371 0.01612694 0.01512051
 0.01297577 0.0129496  0.01252492 0.01116167]","['Speech', 'Laughter', 'Crowd', 'Inside, large room or hall', 'Cheering', 'Chuckle, chortle', 'Chopping (food)', 'Hands', 'Snicker', 'Inside, public space']"
0,"sWXpzTZWNAI,","30.000,","40.000,",['child'],"[0.5741853  0.1867328  0.08022273 0.06381023 0.03923178 0.03504657
 0.02971535 0.02824476 0.02666959 0.02212523]","['Speech', 'Child speech, kid speaking', 'Laughter', 'Inside, small room', 'Crying, sobbing', 'Belly laugh', 'Giggle', 'Chuckle, chortle', 'Baby cry, infant cry', 'Babbling']"
0,"s_9TqVhYqj4,","70.000,","80.000,",['child'],"[0.47290835 0.3605489  0.11374363 0.04443966 0.02557229 0.02509511
 0.01482147 0.01278796 0.00757028 0.00677794]","['Speech', 'Child speech, kid speaking', 'Inside, small room', 'Child singing', 'Babbling', 'Singing', 'Dishes, pots, and pans', 'Bathtub (filling or washing)', 'Crying, sobbing', 'Domestic animals, pets']"
0,"szHnqCybo88,","110.000,","120.000,",['child'],"[0.5964107  0.12948407 0.06025206 0.05767184 0.04796878 0.0260205
 0.02596072 0.0228434  0.01898853 0.0167267 ]","['Speech', 'Child speech, kid speaking', 'Inside, small room', 'Laughter', 'Babbling', 'Hands', 'Snicker', 'Giggle', 'Chuckle, chortle', 'Belly laugh']"
0,"t2PvIMnl6zA,","0.000,","8.000,",['child'],"[0.42212862 0.37341887 0.15164763 0.14414033 0.09576714 0.05053249
 0.04421383 0.01903871 0.01212954 0.01030094]","['Music', 'Speech', 'Pig', 'Oink', 'Livestock, farm animals, working animals', 'Music for children', 'Animal', 'Child speech, kid speaking', 'Jingle, tinkle', 'Boing']"
0,"tEFlN-xm9Rs,","400.000,","410.000,",['child'],"[0.37917852 0.14212771 0.07794692 0.03950847 0.02929292 0.02722516
 0.01594613 0.01585657 0.01355355 0.01343244]","['Speech', 'Inside, small room', 'Child speech, kid speaking', 'Music', 'Babbling', 'Drum machine', 'Animal', 'Alarm clock', 'Outside, rural or natural', 'Percussion']"
0,"tPE0GmzqkRY,","30.000,","40.000,",['male'],"[0.8305517  0.02511563 0.02504407 0.02306442 0.01352262 0.01194504
 0.00810281 0.00788528 0.00689657 0.00637729]","['Speech', 'Inside, small room', 'Laughter', 'Chuckle, chortle', 'Inside, large room or hall', 'Snicker', 'Conversation', 'Narration, monologue', 'Dog', 'Domestic animals, pets']"
0,"u4X11MnUWX8,","180.000,","190.000,",['child'],"[0.6716962  0.08370693 0.05662915 0.02085563 0.01611924 0.01051909
 0.00962241 0.00818884 0.00712013 0.00591208]","['Speech', 'Child speech, kid speaking', 'Inside, small room', 'Bathtub (filling or washing)', 'Child singing', 'Crying, sobbing', 'Frying (food)', 'Baby cry, infant cry', 'Inside, large room or hall', 'Singing']"
0,"uYF3J5N8uFQ,","140.000,","150.000,",['child'],"[0.41609406 0.12507191 0.12393028 0.08241608 0.08132911 0.06073808
 0.05603215 0.05141308 0.04334897 0.0377313 ]","['Speech', 'Wind', 'Rustling leaves', 'Outside, rural or natural', 'Water', 'Rain', 'Pink noise', 'Wind noise (microphone)', 'Animal', 'Noise']"
0,"v02rykpgy-4,","6.000,","16.000,",['child'],"[0.25535563 0.08171962 0.07512648 0.07407444 0.04981492 0.04757201
 0.0475521  0.04372856 0.04254135 0.04189625]","['Speech', 'Rattle (instrument)', 'Inside, small room', 'Laughter', 'Crying, sobbing', 'Babbling', 'Baby laughter', 'Animal', 'Rattle', 'Snake']"
0,"v2i3nOEwupw,","160.000,","170.000,",['female'],"[0.48703575 0.3108834  0.25467235 0.12626639 0.0478687  0.04173169
 0.04064621 0.02757187 0.02570417 0.02523218]","['Speech', 'Smoke detector, smoke alarm', 'Alarm', 'Fire alarm', 'Animal', 'Sniff', 'Inside, small room', 'Beep, bleep', 'Livestock, farm animals, working animals', 'Domestic animals, pets']"
0,"vGxfIpG97dU,","30.000,","40.000,",['male'],"[0.69153947 0.0814181  0.05021899 0.04975266 0.04884183 0.01543298
 0.01405392 0.01282416 0.01086356 0.00955666]","['Speech', 'Vehicle', 'Outside, urban or manmade', 'Motor vehicle (road)', 'Car', 'Traffic noise, roadway noise', 'Outside, rural or natural', 'Truck', 'Car passing by', 'Bus']"
0,"vuD0qyibQyQ,","30.000,","40.000,",['female'],"[0.9286024  0.03723522 0.00773181 0.00484529 0.00422926 0.00275118
 0.00267971 0.00262774 0.00210797 0.00155449]","['Speech', 'Inside, small room', 'Narration, monologue', 'Dishes, pots, and pans', 'Conversation', 'Dog', 'Cutlery, silverware', 'Domestic animals, pets', 'Inside, large room or hall', 'Animal']"
0,"vvJKJH84cQ0,","30.000,","40.000,",['child'],"[0.36793786 0.35543352 0.10468671 0.0807552  0.05779739 0.05410048
 0.04430419 0.043542   0.03631651 0.02618905]","['Child speech, kid speaking', 'Speech', 'Inside, small room', 'Bathtub (filling or washing)', 'Child singing', 'Singing', 'Laughter', 'Babbling', 'Giggle', 'Belly laugh']"
0,"wZopmfXTtxw,","30.000,","40.000,",['male'],"[0.9424909  0.02692168 0.02254574 0.01826523 0.01822369 0.01689376
 0.01488175 0.01102119 0.01007734 0.008624  ]","['Music', 'Exciting music', 'Jingle (music)', 'Music of Africa', 'Disco', 'Dance music', 'Pop music', 'Singing', 'Happy music', 'Reggae']"
0,"wfSPbhnpOlQ,","40.000,","50.000,",['female'],"[0.45992374 0.44247594 0.00914535 0.00552942 0.00529652 0.00479431
 0.00467624 0.00400843 0.00359689 0.00308751]","['Speech', 'Music', 'Inside, small room', 'Child speech, kid speaking', 'Folk music', 'Traditional music', 'Music for children', 'Jingle, tinkle', 'Glass', 'Musical instrument']"
0,"wy5edFMFcyM,","370.000,","380.000,",['child'],"[0.4954462  0.23530358 0.23469812 0.18125944 0.08530869 0.06003291
 0.05502736 0.04509216 0.04352688 0.0323134 ]","['Speech', 'Liquid', 'Splash, splatter', 'Water', 'Child speech, kid speaking', 'Slosh', 'Bathtub (filling or washing)', 'Pour', 'Trickle, dribble', 'Stream']"
0,"xlxNGgr9dq4,","30.000,","40.000,",['female'],"[0.8753544  0.02891287 0.00570991 0.00324693 0.00321646 0.00276214
 0.00274864 0.00223879 0.00198338 0.00186166]","['Speech', 'Inside, small room', 'Narration, monologue', 'Inside, large room or hall', 'Dishes, pots, and pans', 'Animal', 'Glass', 'Conversation', 'Snake', 'Music']"
0,"y-VzJ-bEREc,","50.000,","60.000,",['child'],"[0.5290528  0.15496428 0.11398964 0.07592835 0.07418841 0.06977864
 0.06649954 0.06028872 0.05602776 0.05399937]","['Speech', 'Child speech, kid speaking', 'Laughter', 'Child singing', 'Giggle', 'Crying, sobbing', 'Belly laugh', 'Inside, small room', 'Whimper', 'Babbling']"
0,"yIUWTq7dOJU,","70.000,","80.000,",['child'],"[0.4479115  0.08252194 0.05598175 0.05418557 0.05199041 0.04182941
 0.02581131 0.0173337  0.01535817 0.01324891]","['Music', 'Dishes, pots, and pans', 'Chink, clink', 'Glass', 'Cutlery, silverware', 'Tambourine', 'Inside, small room', 'Speech', 'Percussion', 'Musical instrument']"
0,"yOYHAi__xOw,","10.000,","20.000,",['child'],"[0.5463782  0.13043185 0.0913656  0.05242802 0.03942765 0.03311631
 0.01338764 0.0121419  0.01106369 0.01042907]","['Speech', 'Child speech, kid speaking', 'Inside, small room', 'Child singing', 'Laughter', 'Singing', 'Snicker', 'Chuckle, chortle', 'Giggle', 'Inside, large room or hall']"
0,"yXeKrbtMz2M,","10.000,","20.000,",['male'],"[0.25444663 0.18608396 0.17855327 0.05870716 0.05505641 0.03207256
 0.02629309 0.02347965 0.01860538 0.01757755]","['Speech', 'Music', 'Outside, rural or natural', 'Rustling leaves', 'Wind', 'Animal', 'Walk, footsteps', 'Rock music', 'Wind noise (microphone)', 'Punk rock']"
0,"ytUznPL6d4E,","110.000,","120.000,",['female'],"[9.5985651e-01 2.6844427e-02 1.7472362e-02 1.3659174e-02 9.3848230e-03
 3.2800965e-03 1.6040886e-03 5.3709670e-04 2.8287969e-04 2.4147653e-04]","['Speech', 'Conversation', 'Narration, monologue', 'Inside, small room', 'Child speech, kid speaking', 'Inside, large room or hall', 'Music', 'Singing', 'Laughter', 'Television']"
0,"yzKLxlmVCKk,","20.000,","30.000,",['child'],"[0.56383955 0.49725708 0.15966015 0.10526744 0.0758432  0.06528667
 0.06458788 0.06335968 0.05512322 0.05237037]","['Hands', 'Clapping', 'Tap', 'Door', 'Inside, small room', 'Slap, smack', 'Explosion', 'Child speech, kid speaking', 'Gunshot, gunfire', 'Cap gun']"
0,"z32IXFJ4sKk,","80.000,","90.000,",['child'],"[0.38432503 0.15623188 0.1447047  0.12132835 0.07684654 0.07029752
 0.05453365 0.03990701 0.03843188 0.03421986]","['Speech', 'Child singing', 'Child speech, kid speaking', 'Singing', 'Laughter', 'Inside, small room', 'Animal', 'Babbling', 'Crying, sobbing', 'Giggle']"
0,"z5pMEWmhXVQ,","100.000,","110.000,",['child'],"[0.7215734  0.14924029 0.12920916 0.05710797 0.03774055 0.03618072
 0.03556902 0.03150482 0.03048376 0.0252451 ]","['Music', 'Speech', 'Swing music', 'Country', 'Jazz', 'Slosh', 'Salsa music', 'Splash, splatter', 'Music of Latin America', 'Liquid']"
0,"zOfThlg_c7M,","300.000,","310.000,",['child'],"[0.26105478 0.10852186 0.09878887 0.09744441 0.08023814 0.07832319
 0.05119642 0.04848375 0.02779495 0.02773049]","['Speech', 'Animal', 'Roaring cats (lions, tigers)', 'Roar', 'Growling', 'Inside, small room', 'Grunt', 'Wild animals', 'Dog', 'Domestic animals, pets']"
0,"zdtVT2xwrHU,","30.000,","40.000,",['male'],"[0.5887504  0.16487207 0.1536782  0.14947702 0.12871277 0.03467065
 0.02002094 0.01254968 0.00980735 0.00894717]","['Music', 'Gospel music', 'Christian music', 'Singing', 'Choir', 'Vocal music', 'Music of Latin America', 'Inside, large room or hall', 'Yodeling', 'A capella']"
0,"zoJqbwq8o1E,","30.000,","40.000,",['female'],"[0.56333554 0.08323745 0.06975542 0.06183506 0.05419416 0.04830856
 0.04750125 0.02878133 0.02719838 0.01894899]","['Speech', 'Coin (dropping)', 'Inside, small room', 'Mechanisms', 'Gears', 'Sewing machine', 'Ratchet, pawl', 'Child speech, kid speaking', 'Narration, monologue', 'Keys jangling']"
